img_path,x0,y0,x1,y1,grad_Bx,grad_Gx,grad_Rx,grad_By,grad_Gy,grad_Ry,segment_length,is_field_boundary,is_field_marking,is_not_a_field_feature
/home/joao-dt/humanoid-dataset/kid/615-frame8354.jpg,132,101,95,34,58.413803,47.857765,31.51724,31.077602,23.418095,17.896551,48.0,False,False,True
/home/joao-dt/humanoid-dataset/kid/615-frame8354.jpg,248,24,244,82,-36.78572,-32.48469,-23.214287,3.4081573,2.3520546,1.7346954,49.0,False,False,True
/home/joao-dt/humanoid-dataset/kid/615-frame8354.jpg,217,83,124,86,-2.2499924,-1.2172585,-1.145834,38.607155,14.366074,20.639881,75.0,False,True,False
/home/joao-dt/humanoid-dataset/kid/615-frame8354.jpg,340,121,437,146,7.37162,4.655407,4.854725,26.581078,17.912167,18.456085,57.0,False,True,False
/home/joao-dt/humanoid-dataset/kid/615-frame8354.jpg,421,145,523,175,8.325302,5.487957,4.7921734,29.753006,19.83736,17.334335,83.0,False,True,False
/home/joao-dt/humanoid-dataset/kid/615-frame8354.jpg,588,162,629,8,-42.00376,-28.633455,-17.13534,11.033838,7.016924,4.1616592,124.0,False,False,True
/home/joao-dt/humanoid-dataset/kid/614-frame0507.jpg,0,101,480,6,-5.8875256,-3.1369667,-3.15312,29.56013,15.496658,15.4604645,353.0,False,True,False
/home/joao-dt/humanoid-dataset/kid/614-frame0507.jpg,324,211,639,100,17.680275,10.121593,10.22109,-50.743187,-28.696423,-29.042519,235.0,False,True,False
/home/joao-dt/humanoid-dataset/kid/614-frame6248.jpg,300,278,221,283,-2.028576,-1.8499975,-1.2107167,27.271437,30.157143,22.660713,42.0,False,False,True
/home/joao-dt/humanoid-dataset/kid/615-frame7614.jpg,78,216,69,124,-48.996994,-74.75603,-111.04517,-3.7620468,-5.039158,-7.1114445,68.0,False,False,True
/home/joao-dt/humanoid-dataset/kid/615-frame7614.jpg,9,27,15,90,-52.370373,-45.13426,-31.23148,-4.2499886,-2.6898003,-2.287037,49.0,False,False,True
/home/joao-dt/humanoid-dataset/kid/615-frame7614.jpg,20,88,13,28,47.93751,43.740387,32.14423,6.235565,7.2307816,5.35577,52.0,False,False,True
/home/joao-dt/humanoid-dataset/kid/615-frame7614.jpg,81,217,70,115,43.408234,64.003174,87.33544,5.0411263,8.212044,10.613926,53.0,False,False,True
/home/joao-dt/humanoid-dataset/kid/615-frame7614.jpg,86,220,242,209,-5.155407,-2.608101,-2.9307423,73.287155,38.722965,44.1875,145.0,False,True,False
/home/joao-dt/humanoid-dataset/kid/615-frame7614.jpg,279,211,491,198,-4.209347,-2.2019691,-2.798027,71.54188,37.03448,45.455666,203.0,False,True,False
/home/joao-dt/humanoid-dataset/kid/615-frame7614.jpg,252,222,633,198,-2.8861732,-1.882679,-2.1054468,51.721375,36.015347,38.8331,307.0,False,True,False
/home/joao-dt/humanoid-dataset/kid/615-frame7614.jpg,82,189,76,137,-24.108986,-64.53204,-92.794876,-1.8782043,-5.3525505,-7.2948666,36.0,False,False,True
/home/joao-dt/humanoid-dataset/kid/615-frame7614.jpg,91,187,242,175,5.2977905,4.4669037,3.0863972,-67.42279,-55.797783,-40.7886,101.0,False,False,True
/home/joao-dt/humanoid-dataset/kid/615-frame7614.jpg,244,187,238,134,62.475,57.706253,49.862503,7.77499,7.0687637,6.137501,29.0,False,False,True
/home/joao-dt/humanoid-dataset/kid/615-frame7614.jpg,135,32,140,78,59.711533,40.95513,21.871796,6.211544,5.5576897,3.5384712,29.0,False,False,True
/home/joao-dt/humanoid-dataset/kid/615-frame7614.jpg,192,94,197,176,2.8823547,0.53308487,-5.536766,3.0514603,2.4375057,1.6397057,60.0,False,False,True
/home/joao-dt/humanoid-dataset/kid/615-frame7614.jpg,126,243,639,214,3.3426704,2.2601814,2.2428741,-59.19603,-39.925144,-40.40683,441.0,False,True,False
/home/joao-dt/humanoid-dataset/kid/615-frame7614.jpg,228,78,171,85,6.0,4.2604218,3.609375,-56.677094,-41.864582,-32.80729,41.0,False,False,True
/home/joao-dt/humanoid-dataset/kid/615-frame7614.jpg,212,77,207,22,28.537233,17.138292,8.292551,2.1436157,1.1276569,0.47340202,41.0,False,False,True
/home/joao-dt/humanoid-dataset/kid/615-frame7614.jpg,126,247,639,216,-2.98497,-2.0651283,-2.2364702,58.821644,41.634262,44.113235,475.0,False,True,False
/home/joao-dt/humanoid-dataset/kid/615-frame7614.jpg,254,173,243,57,-96.41414,-90.2298,-73.94192,-8.313129,-7.84091,-6.5479794,83.0,False,False,True
/home/joao-dt/humanoid-dataset/kid/615-frame7614.jpg,261,187,254,121,66.53366,63.78366,45.77404,5.5240326,5.0721245,4.1586514,51.0,False,False,True
/home/joao-dt/humanoid-dataset/kid/615-frame7614.jpg,283,204,473,192,7.2251396,6.2720985,4.9033127,-107.89641,-95.36879,-76.737564,174.0,False,False,True
/home/joao-dt/humanoid-dataset/kid/615-frame7614.jpg,488,185,485,97,60.4375,33.535156,11.707031,2.8046875,1.6992188,0.05078125,53.0,False,False,True
/home/joao-dt/humanoid-dataset/kid/615-frame7614.jpg,496,112,501,192,69.03461,64.95769,49.096153,3.3192291,3.5346146,2.98077,50.0,False,False,True
/home/joao-dt/humanoid-dataset/kid/615-frame7614.jpg,496,157,493,103,-76.99359,-60.891026,-46.012825,-3.8397293,-3.7115364,-3.2051277,36.0,False,False,True
/home/joao-dt/humanoid-dataset/kid/615-frame7614.jpg,472,99,310,115,-3.398655,-3.7381783,-2.8766842,52.300694,55.312504,39.14021,122.0,False,False,True
/home/joao-dt/humanoid-dataset/kid/615-frame7614.jpg,342,131,347,179,-27.146343,-30.237808,-27.371952,-2.731717,-2.9938965,-2.628048,34.0,False,False,True
/home/joao-dt/humanoid-dataset/kid/615-frame7614.jpg,276,47,491,22,-4.4689026,-4.175377,-3.378111,41.389317,37.77487,31.83582,201.0,False,False,True
/home/joao-dt/humanoid-dataset/kid/615-frame7614.jpg,492,26,493,67,6.685711,25.435719,19.671429,0.18571472,1.1500015,0.91427994,25.0,False,False,True
/home/joao-dt/humanoid-dataset/kid/615-frame7614.jpg,338,132,343,191,30.444998,31.704998,30.175003,3.624998,3.9550018,3.7250004,39.0,False,False,True
/home/joao-dt/humanoid-dataset/kid/615-frame7614.jpg,334,188,329,143,-24.724358,-26.833334,-26.384617,-1.3397474,-1.3076916,-1.2948694,20.0,False,False,True
/home/joao-dt/humanoid-dataset/kid/615-frame7614.jpg,364,71,249,83,-3.9257355,-3.9950523,-0.16088867,38.371292,38.039604,1.467823,86.0,False,False,True
/home/joao-dt/humanoid-dataset/kid/615-frame7614.jpg,383,196,377,130,20.364037,25.732456,24.52193,1.6885967,2.416668,2.4429817,40.0,False,False,True
/home/joao-dt/humanoid-dataset/kid/615-frame7614.jpg,393,178,390,134,-31.951385,-35.138885,-35.881947,-1.9374962,-2.0277824,-2.1874971,26.0,False,False,True
/home/joao-dt/humanoid-dataset/kid/615-frame7614.jpg,393,135,397,174,23.320312,27.148438,27.976562,3.0078125,3.4921875,3.3359375,21.0,False,False,True
/home/joao-dt/humanoid-dataset/kid/615-frame7614.jpg,403,195,398,133,-29.361698,-35.382977,-36.340424,-2.9680853,-2.9787254,-3.0319157,31.0,False,False,True
/home/joao-dt/humanoid-dataset/kid/615-frame7614.jpg,400,132,406,188,30.574467,35.340424,36.659573,2.6383,3.457447,3.510641,29.0,False,False,True
/home/joao-dt/humanoid-dataset/kid/615-frame7614.jpg,264,218,498,205,2.222103,1.4118271,1.3616047,-38.398445,-24.505577,-24.703121,199.0,False,True,False
/home/joao-dt/humanoid-dataset/kid/615-frame7614.jpg,421,130,424,172,32.90441,35.838234,37.007355,2.5514698,2.926466,2.7279453,23.0,False,False,True
/home/joao-dt/humanoid-dataset/kid/615-frame7614.jpg,404,132,407,175,-29.81757,-33.277023,-35.08784,-1.2094641,-1.2770214,-1.4256754,31.0,False,False,True
/home/joao-dt/humanoid-dataset/kid/615-frame7614.jpg,470,92,333,106,3.5021935,3.8289452,2.703949,-48.655697,-47.271927,-36.199562,88.0,False,False,True
/home/joao-dt/humanoid-dataset/kid/615-frame7614.jpg,443,172,439,129,-36.535713,-40.27143,-41.50714,-3.8071442,-4.271427,-4.621435,24.0,False,False,True
/home/joao-dt/humanoid-dataset/kid/615-frame7614.jpg,467,0,424,2,-4.0625,-4.1041718,-2.5416641,86.22916,102.22917,79.19444,23.0,False,False,True
/home/joao-dt/humanoid-dataset/kid/615-frame7614.jpg,376,39,491,26,4.8396225,5.1155624,4.58255,-35.466976,-39.808964,-37.124996,83.0,False,False,True
/home/joao-dt/humanoid-dataset/kid/615-frame7614.jpg,506,73,511,154,-105.63971,-87.88604,-60.621323,-3.691185,-3.349266,-2.7389774,61.0,False,False,True
/home/joao-dt/humanoid-dataset/kid/615-frame7614.jpg,512,154,639,145,10.082626,10.906776,9.074154,-162.75212,-173.30933,-148.55298,110.0,False,False,True
/home/joao-dt/humanoid-dataset/kid/615-frame7614.jpg,513,191,639,182,-6.9849167,-4.909481,-6.144395,107.174576,81.24568,95.62717,116.0,False,True,False
/home/joao-dt/humanoid-dataset/kid/615-frame7614.jpg,526,62,522,0,93.02777,102.0,79.33797,2.9814758,3.462963,2.8935127,54.0,False,False,True
/home/joao-dt/humanoid-dataset/kid/615-frame7614.jpg,516,203,639,195,4.386574,3.1759224,3.067133,-71.76158,-53.032402,-54.4375,102.0,False,True,False
/home/joao-dt/humanoid-dataset/kid/615-frame7289.jpg,154,257,228,317,36.359848,24.882576,76.29167,46.526524,32.178032,95.35985,65.0,False,False,True
/home/joao-dt/humanoid-dataset/kid/615-frame7289.jpg,197,312,157,278,-34.234375,-53.1875,-25.117188,-43.25,-65.375,-30.570312,31.0,False,False,True
/home/joao-dt/humanoid-dataset/kid/615-frame7289.jpg,257,290,313,216,8.382576,6.598484,35.97348,-5.746211,-4.431819,-25.329552,66.0,False,False,True
/home/joao-dt/humanoid-dataset/kid/615-frame7289.jpg,320,197,268,268,-6.2061405,-4.5921054,-29.368422,4.6359653,3.5219283,22.18421,52.0,False,False,True
/home/joao-dt/humanoid-dataset/kid/614-frame5069.jpg,0,236,5,194,141.30882,102.5147,82.97794,-20.117645,-13.808825,-11.22794,32.0,False,False,True
/home/joao-dt/humanoid-dataset/kid/614-frame5069.jpg,5,203,18,121,127.50397,87.61906,68.51588,-23.083336,-15.753971,-11.690479,53.0,False,False,True
/home/joao-dt/humanoid-dataset/kid/614-frame5069.jpg,22,123,10,185,-71.339615,-49.514153,-42.646225,10.726433,7.3820744,6.6556654,43.0,False,False,True
/home/joao-dt/humanoid-dataset/kid/614-frame5069.jpg,18,2,3,88,-27.728569,-23.189287,-17.124996,4.3142815,3.910719,2.9964304,64.0,False,False,True
/home/joao-dt/humanoid-dataset/kid/614-frame5069.jpg,7,263,10,196,-0.65865326,4.1875,9.326924,3.1490402,1.8509636,1.0288467,39.0,False,False,True
/home/joao-dt/humanoid-dataset/kid/614-frame5069.jpg,16,101,75,154,56.818626,27.82353,25.911766,64.38725,31.79412,29.676472,40.0,False,False,True
/home/joao-dt/humanoid-dataset/kid/614-frame5069.jpg,77,154,84,93,-70.86539,-37.596157,-32.057693,7.45191,4.125003,3.730773,49.0,False,False,True
/home/joao-dt/humanoid-dataset/kid/614-frame5069.jpg,73,72,30,10,-79.68056,-28.462963,-28.472218,-56.467583,-20.027775,-19.97222,47.0,False,False,True
/home/joao-dt/humanoid-dataset/kid/614-frame5069.jpg,19,89,29,16,67.37499,25.913794,25.969826,-10.711205,-4.905178,-4.297415,41.0,False,False,True
/home/joao-dt/humanoid-dataset/kid/614-frame5069.jpg,19,184,11,229,-84.46622,-73.202705,-55.601357,11.3040495,10.054059,6.1689186,30.0,False,False,True
/home/joao-dt/humanoid-dataset/kid/614-frame5069.jpg,39,266,0,269,-3.125,-2.7578125,-3.4140625,111.765625,103.63281,93.47656,20.0,False,False,True
/home/joao-dt/humanoid-dataset/kid/614-frame5069.jpg,10,105,78,163,28.508472,19.000004,15.300848,33.07627,21.991518,18.055084,58.0,False,False,True
/home/joao-dt/humanoid-dataset/kid/614-frame5069.jpg,11,105,27,0,44.893227,35.09115,30.419271,-7.4036446,-5.8203144,-4.9505215,92.0,False,False,True
/home/joao-dt/humanoid-dataset/kid/614-frame5069.jpg,85,288,143,296,9.550001,9.425,9.135,63.010002,64.505,62.034996,50.0,False,False,True
/home/joao-dt/humanoid-dataset/kid/614-frame5069.jpg,21,284,63,285,-0.84285736,-0.38571358,-0.26428795,-55.042862,-56.328575,-59.23571,18.0,False,False,True
/home/joao-dt/humanoid-dataset/kid/614-frame5069.jpg,219,191,212,244,-110.040695,-106.9186,-82.889534,14.377907,14.627901,9.994184,36.0,False,False,True
/home/joao-dt/humanoid-dataset/kid/614-frame5069.jpg,201,261,143,254,15.331635,13.071428,10.52551,144.52551,118.571434,95.647964,46.0,False,False,True
/home/joao-dt/humanoid-dataset/kid/614-frame5069.jpg,198,8,158,32,-2.859375,-4.9765625,-6.171875,8.375,10.1796875,11.46875,19.0,False,False,True
/home/joao-dt/humanoid-dataset/kid/614-frame5069.jpg,156,354,166,307,67.075,56.58125,43.69375,-12.237501,-11.68125,-8.506249,29.0,False,False,True
/home/joao-dt/humanoid-dataset/kid/614-frame5069.jpg,175,298,173,358,-111.3351,-104.90424,-79.65425,7.0478697,5.14894,5.186167,35.0,False,False,True
/home/joao-dt/humanoid-dataset/kid/614-frame5069.jpg,224,260,229,321,-44.482555,-41.85465,-54.593025,-2.7965126,-1.3662782,-5.1976776,31.0,False,False,True
/home/joao-dt/humanoid-dataset/kid/614-frame5069.jpg,250,358,253,293,79.87245,82.65306,62.98979,-3.9744835,-4.1734676,-3.0000038,40.0,False,False,True
/home/joao-dt/humanoid-dataset/kid/614-frame5069.jpg,256,320,253,358,-122.96875,-116.30469,-86.25781,12.578125,9.6171875,7.9921875,25.0,False,False,True
/home/joao-dt/humanoid-dataset/kid/614-frame5069.jpg,282,315,332,314,3.4404755,3.3273811,2.8452415,-158.26192,-131.6607,-101.5,32.0,False,False,True
/home/joao-dt/humanoid-dataset/kid/614-frame5069.jpg,336,341,276,342,-2.739996,-2.029995,-1.8499956,110.20999,71.14001,77.94,50.0,False,True,False
/home/joao-dt/humanoid-dataset/kid/614-frame5069.jpg,303,201,412,204,-2.5975075,-2.2249985,-1.6924934,-64.2675,-64.439995,-49.1375,95.0,False,False,True
/home/joao-dt/humanoid-dataset/kid/614-frame5069.jpg,285,183,305,259,60.29365,61.246037,55.77381,11.198412,11.936504,11.821423,51.0,False,False,True
/home/joao-dt/humanoid-dataset/kid/614-frame5069.jpg,447,168,313,160,4.065481,2.910715,2.1051598,91.910736,67.28371,52.56151,106.0,False,False,True
/home/joao-dt/humanoid-dataset/kid/614-frame5069.jpg,312,158,498,167,-3.9058914,-3.6039314,-3.3834286,-70.65869,-64.202255,-61.021072,157.0,False,False,True
/home/joao-dt/humanoid-dataset/kid/614-frame5069.jpg,500,161,362,148,3.2089844,4.591797,4.345703,41.376953,52.32617,46.279297,111.0,False,False,True
/home/joao-dt/humanoid-dataset/kid/614-frame5069.jpg,317,126,340,77,59.573174,44.097557,39.676826,-28.024387,-20.37805,-18.201218,40.0,False,False,True
/home/joao-dt/humanoid-dataset/kid/614-frame5069.jpg,324,127,480,137,-3.174656,-3.0719185,-2.9195194,-52.21233,-49.948624,-47.35103,123.0,False,False,True
/home/joao-dt/humanoid-dataset/kid/614-frame5069.jpg,327,119,353,64,-48.899998,-38.74375,-36.012505,20.150002,16.668753,15.549995,34.0,False,False,True
/home/joao-dt/humanoid-dataset/kid/614-frame5069.jpg,356,63,419,69,10.222725,9.672728,7.881818,111.113625,115.45455,99.90908,50.0,False,False,True
/home/joao-dt/humanoid-dataset/kid/614-frame5069.jpg,422,65,363,59,-8.025002,-7.8149986,-6.709999,-115.52501,-107.244995,-90.92,45.0,False,False,True
/home/joao-dt/humanoid-dataset/kid/614-frame5069.jpg,346,260,348,345,108.36667,93.08,79.00667,1.3533401,0.7866707,0.7866707,62.0,False,False,True
/home/joao-dt/humanoid-dataset/kid/614-frame5069.jpg,356,342,500,339,-0.8851795,-0.50185776,-0.88148594,76.88888,43.70925,53.537033,131.0,False,True,False
/home/joao-dt/humanoid-dataset/kid/614-frame5069.jpg,509,342,594,340,-0.5173645,-0.15278244,-0.43402958,32.420143,22.145828,24.70486,48.0,False,True,False
/home/joao-dt/humanoid-dataset/kid/614-frame5069.jpg,341,341,339,292,73.181244,54.606255,37.6875,0.8812561,0.54374886,0.6000004,39.0,False,False,True
/home/joao-dt/humanoid-dataset/kid/614-frame5069.jpg,368,5,307,1,-1.7843151,-1.3382378,-0.8480358,-17.784311,-15.220589,-13.0049,51.0,False,False,True
/home/joao-dt/humanoid-dataset/kid/614-frame5069.jpg,360,10,244,2,0.12382698,0.7523403,1.0373831,18.21262,19.065428,18.682243,102.0,False,False,True
/home/joao-dt/humanoid-dataset/kid/614-frame5069.jpg,293,353,413,349,0.92892647,0.6053848,0.54901886,-25.595596,-20.615208,-19.04412,70.0,False,True,False
/home/joao-dt/humanoid-dataset/kid/614-frame5069.jpg,382,139,485,146,-8.577129,-8.896278,-8.375,-137.55052,-143.30054,-138.45477,88.0,False,False,True
/home/joao-dt/humanoid-dataset/kid/614-frame5069.jpg,409,231,356,229,-2.142048,-2.1647797,-1.8124981,-29.289768,-32.33522,-30.369318,37.0,False,False,True
/home/joao-dt/humanoid-dataset/kid/614-frame5069.jpg,355,226,500,230,1.1969719,1.0681725,1.3143883,60.45454,60.499992,55.893936,132.0,False,False,True
/home/joao-dt/humanoid-dataset/kid/614-frame5069.jpg,501,232,418,230,-0.96333313,-2.1466675,-1.4366608,-44.770004,-56.506657,-57.043327,64.0,False,False,True
/home/joao-dt/humanoid-dataset/kid/614-frame5069.jpg,357,335,355,274,-89.87501,-71.26923,-49.07212,0.4134674,-0.29807281,-0.17788982,45.0,False,False,True
/home/joao-dt/humanoid-dataset/kid/614-frame5069.jpg,357,272,397,274,0.38970947,0.29410934,0.014699936,112.47794,106.867645,91.867645,29.0,False,False,True
/home/joao-dt/humanoid-dataset/kid/614-frame5069.jpg,334,355,622,344,-0.97805595,-0.6937065,-0.69370365,33.565834,26.644089,26.707064,190.0,False,True,False
/home/joao-dt/humanoid-dataset/kid/614-frame5069.jpg,495,313,491,274,-115.53788,-103.88637,-74.96212,-8.371218,-7.492426,-4.4924183,32.0,False,False,True
/home/joao-dt/humanoid-dataset/kid/614-frame5069.jpg,522,170,638,177,5.1588745,5.6728973,5.4929943,109.36913,121.64019,114.64252,104.0,False,False,True
/home/joao-dt/humanoid-dataset/kid/614-frame5069.jpg,546,141,639,148,-10.666668,-12.250004,-12.461311,-176.10715,-188.57144,-186.99109,81.0,False,False,True
/home/joao-dt/humanoid-dataset/kid/614-frame5069.jpg,517,335,508,236,-7.2026978,13.9053955,19.489862,0.8783798,3.033783,3.3614807,68.0,False,False,True
/home/joao-dt/humanoid-dataset/kid/614-frame5069.jpg,518,336,597,333,-4.453575,-3.6250076,-4.185713,110.00358,97.425,110.47857,70.0,False,True,False
/home/joao-dt/humanoid-dataset/kid/614-frame5069.jpg,587,310,517,312,3.7258148,4.0725784,3.1572533,-99.40321,-124.91129,-106.762085,53.0,False,False,True
/home/joao-dt/humanoid-dataset/kid/614-frame5069.jpg,615,35,383,7,-1.9481945,-2.1204967,-1.9166718,-19.54055,-20.352484,-18.468473,211.0,False,False,True
/home/joao-dt/humanoid-dataset/kid/614-frame5069.jpg,600,40,477,25,2.425743,3.3267326,3.4282188,25.871284,30.331692,30.21535,86.0,False,False,True
/home/joao-dt/humanoid-dataset/kid/614-frame5069.jpg,606,284,549,285,-0.80729294,-1.3072929,-1.1718807,66.85936,85.1823,82.82814,48.0,False,False,True
/home/joao-dt/humanoid-dataset/kid/615-frame8230.jpg,43,85,120,68,12.960148,10.221012,8.3442,-68.47464,-53.909416,-43.184784,42.0,False,False,True
/home/joao-dt/humanoid-dataset/kid/615-frame8230.jpg,130,97,37,121,-12.767857,-5.375,-7.6547623,48.90475,21.357151,29.547615,76.0,False,True,False
/home/joao-dt/humanoid-dataset/kid/615-frame8230.jpg,106,151,157,132,7.57143,4.1011925,4.5654755,-21.476185,-11.101189,-12.910715,30.0,False,True,False
/home/joao-dt/humanoid-dataset/kid/615-frame8230.jpg,126,175,0,226,-12.650444,-6.3561897,-6.7123833,32.765488,16.639374,17.371683,91.0,False,True,False
/home/joao-dt/humanoid-dataset/kid/615-frame8230.jpg,146,95,191,92,-2.3420982,-1.5592041,-2.440792,28.723694,20.309208,27.703953,38.0,False,False,True
/home/joao-dt/humanoid-dataset/kid/615-frame8230.jpg,123,168,308,92,10.545452,5.359371,6.173298,-27.136356,-13.36507,-16.011368,146.0,False,True,False
/home/joao-dt/humanoid-dataset/kid/615-frame8230.jpg,220,89,291,81,-5.6271973,-2.8070145,-3.2982445,57.671066,27.675426,34.043858,56.0,False,True,False
/home/joao-dt/humanoid-dataset/kid/615-frame8230.jpg,224,53,283,45,11.153057,9.132652,6.448984,-84.5204,-66.79591,-48.561226,48.0,False,False,True
/home/joao-dt/humanoid-dataset/kid/615-frame8230.jpg,633,49,513,60,-4.7068214,-2.4409103,-2.681818,50.793186,22.650017,26.449993,109.0,False,True,False
/home/joao-dt/humanoid-dataset/kid/615-frame8230.jpg,518,14,574,9,8.885876,6.097828,4.336952,-60.494564,-40.93478,-25.706528,41.0,False,False,True
/home/joao-dt/humanoid-dataset/kid/615-frame7842.jpg,0,202,114,192,7.7047577,5.790474,3.9809513,-75.37619,-55.84762,-35.68571,105.0,False,False,True
/home/joao-dt/humanoid-dataset/kid/615-frame7842.jpg,116,229,0,248,-9.392525,-4.665882,-4.7149534,61.995327,30.427563,32.018692,107.0,False,True,False
/home/joao-dt/humanoid-dataset/kid/615-frame7842.jpg,102,5,185,15,5.0,5.671875,4.4492188,66.71875,70.60156,50.73047,54.0,False,False,True
/home/joao-dt/humanoid-dataset/kid/615-frame7842.jpg,184,63,143,60,-5.0285683,-4.264286,-2.964281,-21.54284,-16.32143,-13.550005,19.0,False,False,True
/home/joao-dt/humanoid-dataset/kid/615-frame7842.jpg,126,227,121,143,32.02027,18.415543,7.8851347,0.40540314,0.5033798,0.47296906,59.0,False,False,True
/home/joao-dt/humanoid-dataset/kid/615-frame7842.jpg,143,245,45,263,5.103937,2.6264038,2.3342676,-27.469103,-15.238762,-13.120785,85.0,False,True,False
/home/joao-dt/humanoid-dataset/kid/615-frame7842.jpg,55,298,441,211,-12.362064,-8.530506,-8.850795,59.692303,41.927044,43.084225,368.0,False,True,False
/home/joao-dt/humanoid-dataset/kid/615-frame7842.jpg,439,209,56,293,13.392094,8.965813,8.830429,-64.28082,-43.532837,-43.33177,368.0,False,True,False
/home/joao-dt/humanoid-dataset/kid/615-frame7842.jpg,141,226,139,140,71.045456,44.0487,27.840912,1.8701286,1.3668747,1.0097389,77.0,False,False,True
/home/joao-dt/humanoid-dataset/kid/615-frame7842.jpg,157,70,339,82,1.7455406,1.8050613,1.375,29.099697,28.724693,22.666662,159.0,False,False,True
/home/joao-dt/humanoid-dataset/kid/615-frame7842.jpg,340,86,189,75,-2.3041992,-2.907341,-3.073429,-33.16784,-39.46329,-43.321686,131.0,False,False,True
/home/joao-dt/humanoid-dataset/kid/615-frame7842.jpg,160,130,235,129,0.5086136,2.068962,2.228445,-78.35344,-74.27585,-58.142242,48.0,False,False,True
/home/joao-dt/humanoid-dataset/kid/615-frame7842.jpg,159,242,412,197,9.458157,6.659874,6.330471,-55.93025,-40.009647,-39.72103,221.0,False,True,False
/home/joao-dt/humanoid-dataset/kid/615-frame7842.jpg,156,232,311,207,-9.806507,-4.979456,-6.0068474,65.46747,34.674652,40.164375,146.0,False,True,False
/home/joao-dt/humanoid-dataset/kid/615-frame7842.jpg,412,198,639,226,-6.5864067,-4.69009,-4.69355,-55.78917,-38.6325,-39.543777,215.0,False,True,False
/home/joao-dt/humanoid-dataset/kid/615-frame7842.jpg,44,267,413,199,-7.824156,-5.447033,-5.5586157,47.83121,33.740833,33.874992,347.0,False,True,False
/home/joao-dt/humanoid-dataset/kid/615-frame7842.jpg,413,201,639,229,6.074074,4.162037,4.453704,51.810196,36.38427,37.812504,216.0,False,True,False
/home/joao-dt/humanoid-dataset/kid/616-frame0508.jpg,1,45,101,40,2.7222214,2.25,1.8972206,-45.511112,-35.1,-25.358332,54.0,False,False,True
/home/joao-dt/humanoid-dataset/kid/616-frame0508.jpg,176,63,169,104,-15.566174,-20.53677,-19.970589,4.2867775,1.227932,4.220581,24.0,False,False,True
/home/joao-dt/humanoid-dataset/kid/616-frame0508.jpg,197,35,191,111,103.72387,97.05969,81.6194,-7.3880653,-9.776127,-5.6119347,67.0,False,False,True
/home/joao-dt/humanoid-dataset/kid/616-frame0508.jpg,216,112,306,105,-3.003376,-1.0709457,-1.3716221,37.86824,12.814205,17.270273,73.0,False,True,False
/home/joao-dt/humanoid-dataset/kid/616-frame0508.jpg,309,104,315,49,-96.90761,-98.28262,-85.070656,7.298908,3.7282467,6.396741,46.0,False,False,True
/home/joao-dt/humanoid-dataset/kid/616-frame0508.jpg,269,32,211,34,1.8854103,0.27604294,-0.9843769,-41.08332,-31.973969,-23.765627,25.0,False,False,True
/home/joao-dt/humanoid-dataset/kid/616-frame0508.jpg,340,57,344,0,45.989582,45.52083,34.66667,-2.7708359,-3.3020897,-2.677082,48.0,False,False,True
/home/joao-dt/humanoid-dataset/kid/616-frame0508.jpg,369,48,378,0,73.674995,60.95625,52.93125,-12.349983,-10.181244,-8.393747,37.0,False,False,True
/home/joao-dt/humanoid-dataset/kid/616-frame0508.jpg,374,49,382,0,-68.95626,-58.381256,-46.175003,9.693741,8.493742,7.2000046,40.0,False,False,True
/home/joao-dt/humanoid-dataset/kid/616-frame0508.jpg,387,44,392,5,-47.545456,-35.651516,-30.242428,2.3181896,2.060605,2.7878752,21.0,False,False,True
/home/joao-dt/humanoid-dataset/kid/616-frame0508.jpg,504,91,398,99,-3.3097763,-1.6005402,-1.7309761,45.54892,18.752712,23.63859,88.0,False,True,False
/home/joao-dt/humanoid-dataset/kid/616-frame0508.jpg,519,152,617,144,-3.2470589,-2.3588257,-1.8588238,43.500004,23.723518,23.229412,73.0,False,True,False
/home/joao-dt/humanoid-dataset/kid/616-frame0508.jpg,516,139,518,92,50.80769,24.711536,29.589746,-4.346161,-1.4295006,-2.3717918,37.0,False,False,True
/home/joao-dt/humanoid-dataset/kid/615-frame6616.jpg,35,201,83,183,21.442848,16.685715,11.72143,-68.01428,-47.12857,-27.707148,21.0,False,False,True
/home/joao-dt/humanoid-dataset/kid/615-frame6616.jpg,74,159,102,221,-76.541664,-78.11459,-63.442707,-35.364594,-34.57292,-26.390625,46.0,False,False,True
/home/joao-dt/humanoid-dataset/kid/615-frame6616.jpg,74,144,88,182,35.411293,41.314514,43.749996,11.169355,13.233862,13.6371,26.0,False,False,True
/home/joao-dt/humanoid-dataset/kid/615-frame6616.jpg,102,223,0,264,-26.927418,-13.470432,-15.58871,69.873665,34.094105,40.5887,93.0,False,True,False
/home/joao-dt/humanoid-dataset/kid/615-frame6616.jpg,16,1,81,1,-2.199997,-2.045452,-1.018177,53.336353,59.39091,40.745445,33.0,False,False,True
/home/joao-dt/humanoid-dataset/kid/615-frame6616.jpg,49,295,428,123,19.362534,10.547165,11.456875,-43.588947,-23.983803,-26.258762,343.0,False,True,False
/home/joao-dt/humanoid-dataset/kid/615-frame6616.jpg,431,126,46,302,-23.033907,-14.1994705,-15.731386,53.587097,33.918884,37.21942,362.0,False,True,False
/home/joao-dt/humanoid-dataset/kid/615-frame6616.jpg,36,11,110,7,1.3771248,1.7118607,1.3008499,-37.995766,-40.37288,-29.453386,51.0,False,False,True
/home/joao-dt/humanoid-dataset/kid/615-frame6616.jpg,77,137,95,195,-29.775513,-33.785713,-35.77041,-8.551025,-8.704079,-9.790813,34.0,False,False,True
/home/joao-dt/humanoid-dataset/kid/615-frame6616.jpg,90,94,126,211,88.61574,112.002304,81.51621,26.699085,33.608784,23.932873,103.0,False,False,True
/home/joao-dt/humanoid-dataset/kid/615-frame6616.jpg,120,214,95,137,-68.161766,-61.319855,-38.301468,-20.183817,-18.533083,-11.154414,63.0,False,False,True
/home/joao-dt/humanoid-dataset/kid/615-frame6616.jpg,113,120,145,223,-102.01989,-80.72728,-56.64489,-28.485771,-23.034096,-15.349436,80.0,False,False,True
/home/joao-dt/humanoid-dataset/kid/615-frame6616.jpg,112,220,85,138,72.16319,39.49305,18.70139,22.559017,12.986118,6.680559,62.0,False,False,True
/home/joao-dt/humanoid-dataset/kid/615-frame6616.jpg,140,207,262,159,21.206024,19.65741,14.275465,-55.131943,-51.47686,-37.96065,103.0,False,False,True
/home/joao-dt/humanoid-dataset/kid/615-frame6616.jpg,289,145,274,77,27.545448,32.63182,20.440908,7.590908,8.568184,5.186363,28.0,False,False,True
/home/joao-dt/humanoid-dataset/kid/615-frame6616.jpg,135,174,121,127,-31.48125,-37.087494,-39.4625,-8.193752,-9.937494,-10.762505,38.0,False,False,True
/home/joao-dt/humanoid-dataset/kid/615-frame6616.jpg,133,218,90,78,-2.3844757,-19.653408,-15.602272,-0.6496277,-5.240528,-4.098488,130.0,False,False,True
/home/joao-dt/humanoid-dataset/kid/615-frame6616.jpg,138,173,121,116,39.99405,39.351192,35.666664,13.97024,13.624992,11.619047,38.0,False,False,True
/home/joao-dt/humanoid-dataset/kid/615-frame6616.jpg,144,214,300,154,-22.142857,-9.377548,-13.700678,58.724495,25.904766,36.17347,145.0,False,True,False
/home/joao-dt/humanoid-dataset/kid/615-frame6616.jpg,28,277,394,125,-15.882004,-9.47419,-10.794249,41.194695,25.384228,28.186583,298.0,False,True,False
/home/joao-dt/humanoid-dataset/kid/615-frame6616.jpg,393,121,331,147,12.25927,7.1157417,7.5277767,-29.675938,-16.634266,-18.259258,36.0,False,True,False
/home/joao-dt/humanoid-dataset/kid/615-frame6616.jpg,326,138,375,119,-26.205132,-17.070518,-27.974361,71.19231,47.224365,76.02565,39.0,False,True,False
/home/joao-dt/humanoid-dataset/kid/615-frame6616.jpg,396,87,454,76,22.035,20.815002,17.075005,-123.384995,-118.285,-95.515,50.0,False,False,True
/home/joao-dt/humanoid-dataset/kid/614-frame6268.jpg,279,273,283,317,136.7365,106.662155,101.97298,7.1553955,6.743244,6.148651,28.0,False,False,True
/home/joao-dt/humanoid-dataset/kid/615-frame6865.jpg,22,120,0,69,86.327385,84.714294,59.541668,38.39882,37.083336,24.755959,35.0,False,False,True
/home/joao-dt/humanoid-dataset/kid/615-frame6865.jpg,89,184,103,243,102.36499,102.51999,86.045,26.154999,25.349987,21.304996,45.0,False,False,True
/home/joao-dt/humanoid-dataset/kid/615-frame6865.jpg,53,220,0,245,23.213413,15.670731,10.719513,-50.4817,-35.0,-23.036583,31.0,False,False,True
/home/joao-dt/humanoid-dataset/kid/615-frame6865.jpg,83,256,7,293,-29.9403,-16.313438,-17.485073,63.917923,34.447746,37.57463,67.0,False,True,False
/home/joao-dt/humanoid-dataset/kid/615-frame6865.jpg,80,250,69,205,-81.864876,-103.047295,-85.66216,-20.391876,-28.00676,-21.689186,31.0,False,False,True
/home/joao-dt/humanoid-dataset/kid/615-frame6865.jpg,100,126,141,218,-82.84177,-70.08861,-51.756325,-33.398724,-27.96835,-20.433546,73.0,False,False,True
/home/joao-dt/humanoid-dataset/kid/615-frame6865.jpg,258,172,145,225,-24.608585,-14.078281,-18.898993,54.5379,31.679287,41.974754,96.0,False,True,False
/home/joao-dt/humanoid-dataset/kid/615-frame6865.jpg,133,245,310,158,-7.3240776,-4.6682167,-4.4459906,15.268517,9.621906,9.433642,119.0,False,True,False
/home/joao-dt/humanoid-dataset/kid/615-frame6865.jpg,311,162,638,176,2.2499962,1.0661774,1.1135635,59.27614,34.888073,33.83905,235.0,False,True,False
/home/joao-dt/humanoid-dataset/kid/615-frame6865.jpg,213,110,194,65,-7.6824303,-30.831085,-25.472973,-3.5202904,-13.99324,-12.094589,34.0,False,False,True
/home/joao-dt/humanoid-dataset/kid/615-frame6865.jpg,249,108,271,162,-55.072224,-60.14445,-54.994446,-18.58334,-21.766659,-19.816671,40.0,False,False,True
/home/joao-dt/humanoid-dataset/kid/615-frame6865.jpg,215,69,228,108,19.578125,67.30469,58.734375,8.21875,27.976562,24.375,27.0,False,False,True
/home/joao-dt/humanoid-dataset/kid/614-frame5085.jpg,46,128,85,125,-5.0530376,-5.742424,-1.2348518,76.50758,90.36365,11.446968,23.0,False,False,True
/home/joao-dt/humanoid-dataset/kid/614-frame5085.jpg,31,255,33,318,-117.56771,-117.34895,-112.75001,-3.296873,-1.4010429,-1.7708273,33.0,False,False,True
/home/joao-dt/humanoid-dataset/kid/614-frame5085.jpg,49,0,53,65,-97.38597,-57.394737,-47.05702,-5.0789375,-3.5263195,-3.2500038,57.0,False,False,True
/home/joao-dt/humanoid-dataset/kid/614-frame5085.jpg,62,267,38,211,44.4125,38.24375,30.83125,8.662508,8.781254,7.4437513,25.0,False,False,True
/home/joao-dt/humanoid-dataset/kid/614-frame5085.jpg,120,86,133,16,-9.2295065,-25.91803,-26.901636,-0.25410175,2.9426231,4.0163913,39.0,False,False,True
/home/joao-dt/humanoid-dataset/kid/614-frame5085.jpg,83,202,146,201,-2.0585136,-2.425531,-2.090427,68.04787,69.99999,64.48405,47.0,False,False,True
/home/joao-dt/humanoid-dataset/kid/614-frame5085.jpg,180,264,191,322,-26.911463,-54.61979,-29.359377,-3.942709,-9.421881,-4.932292,43.0,False,False,True
/home/joao-dt/humanoid-dataset/kid/614-frame5085.jpg,233,242,239,313,-41.16803,-75.58607,-38.762295,-3.1434402,-6.864752,-3.5327873,53.0,False,False,True
/home/joao-dt/humanoid-dataset/kid/614-frame5085.jpg,215,226,216,268,75.84091,97.84092,62.992428,3.068182,1.85606,1.401514,20.0,False,False,True
/home/joao-dt/humanoid-dataset/kid/614-frame5085.jpg,215,257,223,317,24.809784,55.402176,27.706522,3.809782,7.67391,3.804348,42.0,False,False,True
/home/joao-dt/humanoid-dataset/kid/614-frame5085.jpg,250,207,340,200,7.700657,8.134865,5.8717117,-112.71382,-118.115135,-93.26645,61.0,False,False,True
/home/joao-dt/humanoid-dataset/kid/614-frame5085.jpg,345,224,268,231,-8.941174,-5.716915,-6.731618,103.19852,66.12132,78.54044,68.0,False,True,False
/home/joao-dt/humanoid-dataset/kid/614-frame5085.jpg,290,72,295,126,-36.97777,-23.727781,-6.911112,-4.299999,-2.8166714,-1.199995,44.0,False,False,True
/home/joao-dt/humanoid-dataset/kid/614-frame5085.jpg,309,359,276,285,75.02308,45.46538,44.46923,32.1923,18.557701,19.092302,43.0,False,True,False
/home/joao-dt/humanoid-dataset/kid/614-frame5085.jpg,324,359,274,266,-65.75325,-35.477272,-40.850655,-35.62987,-19.594162,-22.045454,48.0,False,True,False
/home/joao-dt/humanoid-dataset/kid/614-frame5085.jpg,297,308,639,267,-9.167929,-6.3795166,-6.7379513,81.359184,56.95181,59.936752,311.0,False,True,False
/home/joao-dt/humanoid-dataset/kid/614-frame5085.jpg,325,8,485,9,0.114730835,-0.22260666,-0.06849289,-56.840763,-56.20547,-52.571915,123.0,False,False,True
/home/joao-dt/humanoid-dataset/kid/614-frame5085.jpg,489,18,379,18,-0.8274994,-0.64500046,-0.37999725,-121.457504,-134.59999,-133.6,93.0,False,False,True
/home/joao-dt/humanoid-dataset/kid/614-frame5085.jpg,384,31,512,33,0.040252686,-0.118637085,0.20550919,36.667377,52.241524,41.985172,107.0,False,False,True
/home/joao-dt/humanoid-dataset/kid/614-frame5085.jpg,356,224,350,143,78.76041,82.09375,71.427086,6.475704,6.3854294,5.6631927,55.0,False,False,True
/home/joao-dt/humanoid-dataset/kid/614-frame5085.jpg,625,212,295,243,-2.7184372,-1.8463402,-2.0274105,33.02077,23.507484,25.014112,264.0,False,True,False
/home/joao-dt/humanoid-dataset/kid/614-frame5085.jpg,451,44,308,46,-1.7425308,-1.6361923,-1.3376846,93.597015,77.40113,62.173508,122.0,False,False,True
/home/joao-dt/humanoid-dataset/kid/614-frame5085.jpg,307,43,505,39,0.54122925,0.39361572,0.44015884,-66.35506,-71.04521,-68.14494,166.0,False,False,True
/home/joao-dt/humanoid-dataset/kid/614-frame5085.jpg,345,175,349,222,79.71796,58.365387,37.75641,4.9871826,3.3012772,2.0641003,39.0,False,False,True
/home/joao-dt/humanoid-dataset/kid/614-frame5085.jpg,360,160,364,218,-96.07143,-73.22959,-45.306114,-2.2551022,-2.5050945,-1.193882,40.0,False,False,True
/home/joao-dt/humanoid-dataset/kid/614-frame5085.jpg,364,219,470,210,11.405605,9.609695,7.19643,-116.25255,-103.53316,-83.007645,84.0,False,False,True
/home/joao-dt/humanoid-dataset/kid/614-frame5085.jpg,299,239,588,212,2.823845,2.206398,2.1040916,-29.777592,-22.9039,-22.716194,236.0,False,True,False
/home/joao-dt/humanoid-dataset/kid/614-frame5085.jpg,364,224,506,212,-5.366539,-2.7406082,-4.2462406,77.15601,43.766903,58.7688,126.0,False,True,False
/home/joao-dt/humanoid-dataset/kid/615-frame6674.jpg,39,104,176,98,-0.75213623,-1.4871826,-1.0085487,38.00428,20.064125,33.26069,83.0,False,True,False
/home/joao-dt/humanoid-dataset/kid/615-frame6674.jpg,111,71,51,74,0.5288429,0.8557739,0.75481033,-59.365387,-57.355774,-42.831738,46.0,False,False,True
/home/joao-dt/humanoid-dataset/kid/615-frame6674.jpg,149,0,224,1,3.161541,2.8653812,2.0884647,79.38463,91.19616,75.78847,46.0,False,False,True
/home/joao-dt/humanoid-dataset/kid/615-frame6674.jpg,207,186,285,168,-6.2615395,-3.319233,-3.6038475,29.007687,15.273064,16.903849,47.0,False,True,False
/home/joao-dt/humanoid-dataset/kid/615-frame6674.jpg,207,185,144,188,-2.9150982,-1.4528313,-1.5566034,38.764145,20.556606,23.330187,43.0,False,True,False
/home/joao-dt/humanoid-dataset/kid/615-frame6674.jpg,141,192,0,261,-14.402672,-7.4752007,-7.122138,30.982826,16.108788,15.603047,106.0,False,True,False
/home/joao-dt/humanoid-dataset/kid/615-frame6674.jpg,294,140,252,135,3.0642853,1.5928688,1.7071447,37.53571,20.921421,22.735716,26.0,False,True,False
/home/joao-dt/humanoid-dataset/kid/615-frame6674.jpg,319,103,209,158,-14.47253,-7.626377,-8.359893,31.483513,18.02198,18.541214,78.0,False,True,False
/home/joao-dt/humanoid-dataset/kid/615-frame6674.jpg,310,95,200,149,10.986706,5.4255295,5.8670235,-22.433502,-11.026588,-12.707453,69.0,False,True,False
/home/joao-dt/humanoid-dataset/kid/615-frame6674.jpg,294,59,355,56,6.0673065,6.307701,5.0625,-118.83655,-112.692314,-87.55289,52.0,False,False,True
/home/joao-dt/humanoid-dataset/kid/615-frame6674.jpg,362,89,300,92,-3.29245,-2.504715,-2.8726425,79.54718,55.46699,69.155655,53.0,False,True,False
/home/joao-dt/humanoid-dataset/kid/615-frame6674.jpg,449,85,567,80,-2.7692337,-1.7620277,-2.7139473,79.08655,49.800465,72.1803,101.0,False,True,False
/home/joao-dt/humanoid-dataset/kid/615-frame6674.jpg,556,43,454,50,5.9801025,7.2329597,5.159088,-79.144875,-91.755684,-74.48864,73.0,False,False,True
/home/joao-dt/humanoid-dataset/kid/616-frame0233.jpg,95,282,143,273,-10.325001,-7.46249,-5.9124994,52.51251,36.22499,29.687508,31.0,False,True,False
/home/joao-dt/humanoid-dataset/kid/616-frame0233.jpg,64,254,153,243,8.692562,5.358101,5.3648624,-68.51013,-43.662155,-41.73649,49.0,False,True,False
/home/joao-dt/humanoid-dataset/kid/614-frame4859.jpg,82,0,0,3,6.912163,8.814186,8.077702,-121.33108,-139.125,-138.24663,57.0,False,False,True
/home/joao-dt/humanoid-dataset/kid/614-frame4859.jpg,39,46,385,35,1.4186325,0.9304848,0.9149418,-52.239628,-33.53106,-35.478546,331.0,False,True,False
/home/joao-dt/humanoid-dataset/kid/614-frame4859.jpg,388,44,298,46,-0.2932129,-0.7407417,-0.6327152,63.66359,51.944447,50.37963,69.0,False,True,False
/home/joao-dt/humanoid-dataset/kid/614-frame4859.jpg,273,30,130,34,-1.3867188,-0.38867188,-1.9511719,75.39453,46.310547,101.83008,122.0,False,True,False
/home/joao-dt/humanoid-dataset/kid/614-frame4859.jpg,31,49,379,38,-1.0007248,-0.43235016,-0.7963228,49.911037,34.50883,37.53014,322.0,False,True,False
/home/joao-dt/humanoid-dataset/kid/614-frame4859.jpg,327,48,484,164,-20.244862,-9.523968,-9.544522,-29.169521,-14.664387,-14.811641,102.0,False,True,False
/home/joao-dt/humanoid-dataset/kid/614-frame4859.jpg,435,50,488,49,-0.738636,-1.6420479,-0.03409195,-124.90909,-86.164764,-103.84091,31.0,False,False,True
/home/joao-dt/humanoid-dataset/kid/614-frame4859.jpg,489,58,419,59,-2.3811455,-3.4918098,-2.0901651,117.19261,90.39345,96.32786,56.0,False,True,False
/home/joao-dt/humanoid-dataset/kid/614-frame4859.jpg,478,81,415,56,16.79348,8.222832,8.842392,43.847824,24.505432,24.092392,38.0,False,True,False
/home/joao-dt/humanoid-dataset/kid/614-frame4859.jpg,517,61,601,85,0.7899895,3.630005,4.7800064,2.550003,15.41666,18.37999,59.0,False,False,True
/home/joao-dt/humanoid-dataset/kid/614-frame4859.jpg,525,92,638,137,-17.500008,-9.869053,-8.935711,-45.97143,-26.021431,-24.340473,99.0,False,True,False
/home/joao-dt/humanoid-dataset/kid/614-frame4859.jpg,529,93,480,94,2.721428,1.764286,1.0357151,-32.75,-54.39286,-29.935713,21.0,False,False,True
/home/joao-dt/humanoid-dataset/kid/614-frame4859.jpg,639,89,509,53,-22.267384,-17.652176,-16.902176,-80.65871,-64.656525,-63.43695,113.0,False,False,True
/home/joao-dt/humanoid-dataset/kid/615-frame7833.jpg,0,142,164,139,2.6955109,2.439106,1.9663467,-158.36859,-145.38461,-117.57211,153.0,False,False,True
/home/joao-dt/humanoid-dataset/kid/615-frame7833.jpg,171,175,0,184,-5.5617332,-3.7222176,-3.9799414,107.09259,69.56482,76.31019,162.0,False,True,False
/home/joao-dt/humanoid-dataset/kid/615-frame7833.jpg,31,208,85,358,62.778366,33.98227,34.320923,21.760643,11.719868,11.881201,108.0,False,True,False
/home/joao-dt/humanoid-dataset/kid/615-frame7833.jpg,33,204,192,192,4.838539,2.8576355,3.0538216,-60.578133,-39.40972,-40.640625,143.0,False,True,False
/home/joao-dt/humanoid-dataset/kid/615-frame7833.jpg,178,174,178,83,65.85803,52.740738,35.938274,-0.54938126,-0.83950424,-0.80864334,78.0,False,False,True
/home/joao-dt/humanoid-dataset/kid/615-frame7833.jpg,115,226,482,185,7.8469048,5.1896133,5.3223286,-76.01265,-50.82445,-52.877106,350.0,False,True,False
/home/joao-dt/humanoid-dataset/kid/615-frame7833.jpg,485,188,112,230,-6.9203396,-4.4903793,-4.9670277,69.25002,46.872234,50.743134,360.0,False,True,False
/home/joao-dt/humanoid-dataset/kid/615-frame7833.jpg,90,203,39,207,-3.1130981,-2.1250038,-1.9226198,43.744038,29.86308,30.327385,40.0,False,True,False
/home/joao-dt/humanoid-dataset/kid/615-frame7833.jpg,39,208,100,359,-63.211266,-34.35212,-36.59331,-24.91198,-13.573952,-14.301052,107.0,False,True,False
/home/joao-dt/humanoid-dataset/kid/615-frame7833.jpg,103,14,0,2,10.005316,8.640957,2.582447,75.65958,71.678185,17.23137,83.0,False,False,True
/home/joao-dt/humanoid-dataset/kid/615-frame7833.jpg,101,202,458,174,-3.872818,-2.5472374,-2.901163,61.993454,43.118465,46.361916,330.0,False,True,False
/home/joao-dt/humanoid-dataset/kid/615-frame7833.jpg,458,176,638,216,10.2149105,6.6827507,7.2163754,50.53948,34.106728,36.192978,167.0,False,True,False
/home/joao-dt/humanoid-dataset/kid/615-frame7833.jpg,195,14,237,20,-3.1458397,-6.048603,-4.2708435,-11.076397,-26.743061,-23.0764,24.0,False,False,True
/home/joao-dt/humanoid-dataset/kid/615-frame7833.jpg,194,35,131,27,-0.45500565,-2.609993,-2.2999992,-4.6349907,-22.209995,-18.620003,42.0,False,False,True
/home/joao-dt/humanoid-dataset/kid/615-frame7833.jpg,280,88,206,84,-8.866661,-9.624996,-8.283333,-120.04169,-126.000015,-105.466675,51.0,False,False,True
/home/joao-dt/humanoid-dataset/kid/615-frame7833.jpg,207,92,205,171,-96.30682,-79.693184,-55.893948,1.6401634,1.2840939,0.8484869,66.0,False,False,True
/home/joao-dt/humanoid-dataset/kid/615-frame7833.jpg,221,91,378,100,4.993248,6.0574265,4.6706066,104.34458,113.71622,88.866554,136.0,False,False,True
/home/joao-dt/humanoid-dataset/kid/615-frame7833.jpg,206,173,347,166,6.586464,5.907898,4.793232,-121.612785,-113.97181,-99.35715,129.0,False,False,True
/home/joao-dt/humanoid-dataset/kid/615-frame7833.jpg,207,181,353,172,-4.657612,-2.407608,-3.306161,83.965576,46.150352,56.78804,138.0,False,True,False
/home/joao-dt/humanoid-dataset/kid/615-frame7833.jpg,215,27,389,52,-0.98475647,-3.7195053,-5.0762215,-9.051842,-27.631096,-37.82013,132.0,False,False,True
/home/joao-dt/humanoid-dataset/kid/615-frame7833.jpg,230,28,387,48,1.327652,3.5890121,2.5890121,11.210228,29.876888,21.482956,129.0,False,False,True
/home/joao-dt/humanoid-dataset/kid/615-frame7833.jpg,367,178,206,191,4.6973686,3.2023048,3.031248,-67.273026,-45.547703,-46.179276,152.0,False,True,False
/home/joao-dt/humanoid-dataset/kid/615-frame7833.jpg,345,35,516,62,-3.4549942,-3.378334,-2.8533363,-15.101658,-8.895016,-6.3933372,122.0,False,False,True
/home/joao-dt/humanoid-dataset/kid/615-frame7833.jpg,517,59,609,74,13.002983,17.354172,18.526783,91.30061,122.627975,131.0863,82.0,False,False,True
/home/joao-dt/humanoid-dataset/kid/615-frame7833.jpg,635,71,565,39,-44.898304,-57.495754,-61.22034,-106.12712,-134.42796,-142.28813,59.0,False,False,True
/home/joao-dt/humanoid-dataset/kid/615-frame7833.jpg,564,38,479,54,17.766453,21.276314,22.42434,-97.55592,-119.17106,-126.023026,67.0,False,False,True
/home/joao-dt/humanoid-dataset/kid/615-frame7833.jpg,430,136,391,137,-0.3863716,-0.77272415,-0.53030777,-123.35607,-136.28789,-119.87879,31.0,False,False,True
/home/joao-dt/humanoid-dataset/kid/615-frame7833.jpg,379,155,388,57,-1.488224,-17.179401,-12.435299,0.12940598,1.6264687,1.3941231,83.0,False,False,True
/home/joao-dt/humanoid-dataset/kid/615-frame7833.jpg,447,170,639,212,-9.658466,-6.356552,-6.58197,-47.032784,-30.990437,-32.169395,170.0,False,True,False
/home/joao-dt/humanoid-dataset/kid/615-frame7833.jpg,447,172,384,177,5.148144,3.884266,3.5277748,-54.944435,-35.902763,-38.814816,52.0,False,True,False
/home/joao-dt/humanoid-dataset/kid/615-frame7833.jpg,340,166,436,161,-2.7717323,-1.746376,-3.0362282,86.844215,61.376816,78.304344,57.0,False,True,False
/home/joao-dt/humanoid-dataset/kid/615-frame7833.jpg,498,0,638,40,24.075756,24.625008,18.537876,88.799225,89.390144,68.87879,117.0,False,False,True
/home/joao-dt/humanoid-dataset/kid/615-frame7833.jpg,526,148,460,138,-22.728447,-23.534492,-20.271553,-162.35776,-170.71552,-152.3836,58.0,False,False,True
/home/joao-dt/humanoid-dataset/kid/615-frame7833.jpg,450,162,639,199,14.89201,9.516277,15.034021,82.69675,54.951183,82.10799,157.0,False,True,False
/home/joao-dt/humanoid-dataset/kid/615-frame7833.jpg,563,153,639,164,-16.350742,-19.690304,-18.287315,-117.0,-140.95894,-131.95148,60.0,False,False,True
/home/joao-dt/humanoid-dataset/kid/614-frame0971.jpg,27,192,150,148,6.997612,4.590473,4.535717,-20.71191,-14.495235,-13.426191,61.0,False,True,False
/home/joao-dt/humanoid-dataset/kid/614-frame0971.jpg,152,145,140,100,-36.552635,-18.809208,-17.960526,-13.60527,-6.822361,-6.8552656,30.0,False,True,False
/home/joao-dt/humanoid-dataset/kid/614-frame0971.jpg,134,93,447,3,-9.07299,-5.2516785,-6.3422813,33.702187,20.154362,23.89765,295.0,False,True,False
/home/joao-dt/humanoid-dataset/kid/614-frame0971.jpg,447,5,512,14,5.8348236,3.6607132,3.8526764,36.5759,24.37498,25.513401,54.0,False,True,False
/home/joao-dt/humanoid-dataset/kid/614-frame0971.jpg,0,106,60,89,-9.673075,-3.9230652,-4.360574,35.442307,14.836529,16.302887,52.0,False,True,False
/home/joao-dt/humanoid-dataset/kid/614-frame0971.jpg,23,0,55,83,-52.162155,-42.452713,-28.915535,-20.709457,-16.256767,-11.152027,74.0,False,False,True
/home/joao-dt/humanoid-dataset/kid/614-frame0971.jpg,56,84,0,99,-9.255314,-4.9255295,-5.6649,33.734055,17.329784,21.324467,47.0,False,True,False
/home/joao-dt/humanoid-dataset/kid/614-frame0971.jpg,0,209,387,72,-14.515169,-7.9122696,-7.596966,42.10884,23.24208,22.530998,338.0,False,True,False
/home/joao-dt/humanoid-dataset/kid/614-frame0971.jpg,148,74,248,47,-3.2554932,-3.0137367,-2.7362537,12.425827,12.233528,11.049456,79.0,False,False,True
/home/joao-dt/humanoid-dataset/kid/614-frame0971.jpg,131,71,415,0,16.371296,12.531479,11.485186,-65.33426,-50.657402,-46.642597,268.0,False,True,False
/home/joao-dt/humanoid-dataset/kid/614-frame0971.jpg,129,70,111,0,-43.069664,-35.59427,-25.405737,-10.561485,-8.758194,-5.9057446,61.0,False,False,True
/home/joao-dt/humanoid-dataset/kid/614-frame0971.jpg,181,359,464,187,28.754654,17.4842,17.30762,-47.79741,-29.486069,-29.173788,190.0,False,True,False
/home/joao-dt/humanoid-dataset/kid/614-frame0971.jpg,481,162,638,59,22.385422,11.286457,11.434027,-35.319447,-17.987843,-18.24653,128.0,False,True,False
/home/joao-dt/humanoid-dataset/kid/614-frame0971.jpg,187,133,565,0,-9.978771,-6.1102753,-6.4404106,29.713024,18.562332,19.333563,293.0,False,True,False
/home/joao-dt/humanoid-dataset/kid/614-frame0971.jpg,151,139,499,18,13.754414,7.8367653,7.7220592,-40.774998,-23.729412,-23.544119,316.0,False,True,False
/home/joao-dt/humanoid-dataset/kid/614-frame0971.jpg,500,17,450,11,5.074991,1.84375,2.249999,30.662512,12.531261,13.5125,31.0,False,True,False
/home/joao-dt/humanoid-dataset/kid/614-frame0971.jpg,590,0,449,47,-9.498014,-4.841259,-5.081353,29.10119,15.980156,16.30357,108.0,False,True,False
/home/joao-dt/humanoid-dataset/kid/615-frame7851.jpg,0,100,72,99,2.7265625,1.9882812,1.2929688,-76.03125,-60.816406,-60.660156,64.0,False,True,False
/home/joao-dt/humanoid-dataset/kid/615-frame7851.jpg,103,112,181,105,1.7392883,1.842865,1.367857,-34.51071,-21.564285,-22.467861,54.0,False,True,False
/home/joao-dt/humanoid-dataset/kid/615-frame7851.jpg,181,106,638,230,-17.803013,-12.329796,-12.651785,-71.82533,-50.56193,-51.783485,448.0,False,True,False
/home/joao-dt/humanoid-dataset/kid/615-frame7851.jpg,21,0,127,16,-13.908852,-16.554688,-13.229164,-84.92968,-104.32552,-85.25,67.0,False,False,True
/home/joao-dt/humanoid-dataset/kid/615-frame7851.jpg,110,21,0,5,12.220303,14.079214,10.480196,74.58664,85.950485,64.25742,96.0,False,False,True
/home/joao-dt/humanoid-dataset/kid/615-frame7851.jpg,0,164,226,128,-6.21904,-3.2270622,-3.3692665,40.306187,22.376152,23.087152,213.0,False,True,False
/home/joao-dt/humanoid-dataset/kid/615-frame7851.jpg,0,159,204,124,8.365387,4.8640976,4.9243584,-51.098713,-30.4282,-31.073082,195.0,False,True,False
/home/joao-dt/humanoid-dataset/kid/615-frame7851.jpg,215,126,160,111,11.57317,8.17683,8.195123,48.9756,33.664654,34.365856,38.0,False,True,False
/home/joao-dt/humanoid-dataset/kid/615-frame7851.jpg,160,113,106,117,-2.9388885,-1.0277786,-1.5722227,37.283348,21.616669,22.716673,43.0,False,True,False
/home/joao-dt/humanoid-dataset/kid/615-frame7851.jpg,101,116,50,103,15.627911,9.197666,8.912786,68.209305,39.918606,40.35465,40.0,False,True,False
/home/joao-dt/humanoid-dataset/kid/615-frame7851.jpg,50,105,0,110,-3.5548859,-2.1280441,-2.7134094,59.945107,27.445103,33.68903,41.0,False,True,False
/home/joao-dt/humanoid-dataset/kid/615-frame7851.jpg,93,61,162,63,-4.886364,-4.886364,-3.5090904,-80.99544,-85.69545,-70.67272,45.0,False,False,True
/home/joao-dt/humanoid-dataset/kid/615-frame7851.jpg,171,92,68,94,-1.5065842,-0.5559273,-0.81908035,70.77633,41.963818,50.41118,67.0,False,True,False
/home/joao-dt/humanoid-dataset/kid/615-frame7851.jpg,76,61,3,58,-0.24166489,-0.8583374,-0.89583206,-91.85834,-80.68334,-64.57917,57.0,False,False,True
/home/joao-dt/humanoid-dataset/kid/615-frame7851.jpg,114,117,0,127,-2.8515625,-1.3437424,-1.354167,36.044262,17.598957,18.27604,96.0,False,True,False
/home/joao-dt/humanoid-dataset/kid/615-frame7851.jpg,185,109,467,187,15.75639,10.906937,11.583028,61.80748,42.744526,45.499092,272.0,False,True,False
/home/joao-dt/humanoid-dataset/kid/615-frame7851.jpg,467,188,454,243,20.138887,9.688889,9.872223,-4.505554,-1.5444527,-1.8833351,28.0,False,True,False
/home/joao-dt/humanoid-dataset/kid/615-frame7851.jpg,452,244,393,235,-12.505001,-8.02,-8.385,-87.235,-57.119995,-58.364998,50.0,False,True,False
/home/joao-dt/humanoid-dataset/kid/615-frame7851.jpg,242,88,201,79,11.404411,14.544113,5.882351,47.669117,61.11765,23.808823,22.0,False,False,True
/home/joao-dt/humanoid-dataset/kid/615-frame7851.jpg,171,90,261,113,25.140238,18.216465,21.463413,109.560974,79.490845,92.40242,72.0,False,True,False
/home/joao-dt/humanoid-dataset/kid/615-frame7851.jpg,267,86,186,66,-43.1632,-41.319447,-34.552086,-186.92708,-181.75,-153.7257,71.0,False,False,True
/home/joao-dt/humanoid-dataset/kid/615-frame7851.jpg,263,67,198,53,4.562502,7.187498,7.3839283,34.60715,39.116077,37.116066,38.0,False,False,True
/home/joao-dt/humanoid-dataset/kid/615-frame7851.jpg,261,46,214,35,7.6987133,10.455132,10.814107,35.570503,46.121803,46.68589,35.0,False,False,True
/home/joao-dt/humanoid-dataset/kid/615-frame7851.jpg,391,116,284,90,-33.027176,-34.470104,-30.315224,-143.4674,-152.97011,-137.3587,80.0,False,False,True
/home/joao-dt/humanoid-dataset/kid/615-frame7851.jpg,244,110,364,141,24.094383,16.721935,22.385206,100.528046,71.32908,93.46684,90.0,False,True,False
/home/joao-dt/humanoid-dataset/kid/615-frame7851.jpg,340,19,285,0,26.303188,35.739357,37.398933,80.015976,109.13299,113.03725,47.0,False,False,True
/home/joao-dt/humanoid-dataset/kid/615-frame7851.jpg,413,51,364,35,-18.298775,-14.878048,-14.823172,-68.53048,-54.34147,-54.201218,30.0,False,False,True
/home/joao-dt/humanoid-dataset/kid/615-frame7851.jpg,393,239,466,248,5.3389797,3.4322014,3.271183,46.559326,30.762714,30.822033,51.0,False,True,False
/home/joao-dt/humanoid-dataset/kid/615-frame7851.jpg,466,249,527,276,-26.26923,-16.28365,-15.4375,-59.798084,-38.37982,-36.802883,52.0,False,True,False
/home/joao-dt/humanoid-dataset/kid/615-frame7851.jpg,435,242,505,269,18.701923,12.173073,12.355767,52.04808,35.115387,35.423077,42.0,False,True,False
/home/joao-dt/humanoid-dataset/kid/615-frame7851.jpg,444,19,354,1,12.387676,14.86594,13.608694,49.561596,54.822456,56.739136,51.0,False,False,True
/home/joao-dt/humanoid-dataset/kid/615-frame7851.jpg,427,74,475,88,16.219511,15.0426855,14.652437,56.97561,52.774384,53.798775,33.0,False,False,True
/home/joao-dt/humanoid-dataset/kid/615-frame7851.jpg,475,86,427,70,-16.006096,-16.390242,-17.14634,-59.542686,-58.402435,-58.21951,33.0,False,False,True
/home/joao-dt/humanoid-dataset/kid/615-frame7851.jpg,410,70,339,52,12.389341,10.692621,10.393444,46.766376,39.569675,39.59836,41.0,False,False,True
/home/joao-dt/humanoid-dataset/kid/615-frame7860.jpg,0,222,101,183,-10.3172035,-5.787628,-5.825268,28.36559,16.475815,16.486559,93.0,False,True,False
/home/joao-dt/humanoid-dataset/kid/615-frame7860.jpg,131,38,87,21,4.605259,4.8486824,4.6052666,22.144741,17.1908,14.250004,22.0,False,False,True
/home/joao-dt/humanoid-dataset/kid/615-frame7860.jpg,261,78,322,109,-17.636906,-14.017853,-9.15476,-31.755955,-27.398811,-18.607138,34.0,False,False,True
/home/joao-dt/humanoid-dataset/kid/615-frame7860.jpg,324,140,238,130,5.2110405,2.4577942,2.7597399,48.70454,23.931824,25.746754,77.0,False,True,False
/home/joao-dt/humanoid-dataset/kid/615-frame7860.jpg,108,114,198,126,6.0379753,3.8607597,4.069619,43.924038,26.449387,30.892405,76.0,False,True,False
/home/joao-dt/humanoid-dataset/kid/615-frame7860.jpg,412,328,464,358,-23.139538,-15.38953,-14.697674,-42.232563,-28.377907,-27.279068,41.0,False,True,False
/home/joao-dt/humanoid-dataset/kid/614-frame1605.jpg,231,344,315,340,3.8968277,3.3214283,3.4722233,-69.34921,-67.742065,-46.043648,49.0,False,False,True
/home/joao-dt/humanoid-dataset/kid/614-frame1605.jpg,288,300,235,305,-2.8372087,-2.3430228,0.1511612,34.1279,29.970932,50.15116,34.0,False,False,True
/home/joao-dt/humanoid-dataset/kid/614-frame1605.jpg,439,321,438,281,104.73529,97.727936,83.56618,14.044125,13.816177,11.78677,25.0,False,False,True
/home/joao-dt/humanoid-dataset/kid/614-frame1605.jpg,441,277,441,330,-71.25556,-72.00557,-63.944443,3.8222256,2.327776,2.133335,29.0,False,False,True
/home/joao-dt/humanoid-dataset/kid/614-frame1605.jpg,456,307,454,267,20.039062,48.40625,20.039062,1.5234375,3.1875,0.7265625,18.0,False,False,True
/home/joao-dt/humanoid-dataset/kid/614-frame0881.jpg,45,108,0,122,11.423077,8.044868,8.346153,-37.038467,-28.698708,-27.371794,27.0,False,False,True
/home/joao-dt/humanoid-dataset/kid/614-frame0881.jpg,144,104,96,104,-0.36585236,-0.16463089,-0.21951675,35.78048,22.798782,22.646338,41.0,False,True,False
/home/joao-dt/humanoid-dataset/kid/614-frame0881.jpg,233,88,227,44,42.73648,59.047295,41.925674,11.101353,12.777023,10.277027,28.0,False,False,True
/home/joao-dt/humanoid-dataset/kid/614-frame0881.jpg,303,62,448,55,-2.0711365,-1.1808968,-1.6036577,65.018295,35.29877,39.806904,112.0,False,True,False
/home/joao-dt/humanoid-dataset/kid/614-frame0881.jpg,455,11,351,17,3.5752716,3.0080643,2.5860214,-63.89248,-53.706993,-38.91398,84.0,False,False,True
/home/joao-dt/humanoid-dataset/kid/614-frame0881.jpg,550,51,639,49,-0.55696106,-0.18038177,-0.89873314,90.8481,63.62342,74.85445,75.0,False,True,False
/home/joao-dt/humanoid-dataset/kid/614-frame0404.jpg,0,61,104,61,0.3593769,-0.06510162,0.08073044,24.74479,13.695305,15.549478,71.0,False,True,False
/home/joao-dt/humanoid-dataset/kid/614-frame0404.jpg,70,1,0,2,-1.4112892,-2.7137184,-1.9354858,-19.03226,-47.633064,-45.887093,55.0,False,False,True
/home/joao-dt/humanoid-dataset/kid/614-frame0404.jpg,241,50,246,0,-56.542675,-98.689026,-84.79268,3.9573402,6.6280575,6.487809,28.0,False,False,True
/home/joao-dt/humanoid-dataset/kid/614-frame0404.jpg,332,15,372,17,0.7109375,1.8203125,2.1328125,-78.00781,-59.695312,-45.539062,26.0,False,False,True
/home/joao-dt/humanoid-dataset/kid/614-frame0404.jpg,400,56,324,53,3.2126884,1.462677,2.3507423,67.81717,28.291054,58.119408,64.0,False,True,False
/home/joao-dt/humanoid-dataset/kid/614-frame0404.jpg,368,135,436,152,6.3559303,3.3601646,3.597456,28.4661,15.22459,15.9110155,41.0,False,True,False
/home/joao-dt/humanoid-dataset/kid/614-frame0404.jpg,426,150,517,158,1.4058475,0.72402954,0.8831177,22.67208,11.983772,12.857144,41.0,False,True,False
/home/joao-dt/humanoid-dataset/kid/614-frame0404.jpg,533,154,604,178,6.471775,2.657261,2.5564518,22.407259,10.173386,9.975806,41.0,False,True,False
/home/joao-dt/humanoid-dataset/kid/614-frame0404.jpg,347,92,262,62,10.562498,5.5526237,6.157896,33.39145,19.111824,19.947372,65.0,False,True,False
/home/joao-dt/humanoid-dataset/kid/614-frame0404.jpg,434,122,348,93,7.069851,3.7867737,4.4705877,29.172794,16.227936,17.830881,35.0,False,True,False
/home/joao-dt/humanoid-dataset/kid/614-frame0404.jpg,486,58,590,78,11.531586,5.2894745,8.213158,67.00528,32.252636,47.25,87.0,False,True,False
/home/joao-dt/humanoid-dataset/kid/614-frame2566.jpg,201,101,243,99,0.62142944,0.52142715,0.6499996,-19.864288,-16.721428,-16.349998,30.0,False,False,True
/home/joao-dt/humanoid-dataset/kid/614-frame2566.jpg,639,150,270,32,-23.216282,-14.617313,-14.727272,-79.82184,-51.17741,-52.7478,316.0,False,True,False
/home/joao-dt/humanoid-dataset/kid/614-frame2566.jpg,504,84,385,63,7.692707,5.166668,5.536459,36.99478,24.598957,27.255207,87.0,False,True,False
/home/joao-dt/humanoid-dataset/kid/614-frame2566.jpg,500,107,442,107,1.377552,0.8367424,0.969388,111.62245,72.60204,78.22448,48.0,False,True,False
/home/joao-dt/humanoid-dataset/kid/614-frame2566.jpg,441,107,361,95,13.146425,8.457146,9.257144,93.124985,61.592846,66.71429,67.0,False,True,False
/home/joao-dt/humanoid-dataset/kid/614-frame2566.jpg,259,32,481,103,21.985502,13.277767,14.995172,77.954094,48.884056,54.08455,194.0,False,True,False
/home/joao-dt/humanoid-dataset/kid/614-frame2566.jpg,274,32,0,32,0.16245651,0.08365631,0.03501892,-52.796696,-33.727615,-35.85019,233.0,False,True,False
/home/joao-dt/humanoid-dataset/kid/614-frame2566.jpg,269,35,0,35,0.12595749,0.10961914,0.03365326,50.02981,30.255772,34.55096,249.0,False,True,False
/home/joao-dt/humanoid-dataset/kid/614-frame2566.jpg,500,29,122,22,1.413723,0.65044403,1.8008862,50.676254,9.895294,72.68289,306.0,False,True,False
/home/joao-dt/humanoid-dataset/kid/614-frame2566.jpg,491,29,581,45,17.20066,10.694084,22.042759,109.82567,70.33223,136.1546,76.0,False,True,False
/home/joao-dt/humanoid-dataset/kid/614-frame0884.jpg,353,96,250,108,-7.2925606,-3.6010628,-4.013294,64.4734,32.50532,35.97075,94.0,False,True,False
/home/joao-dt/humanoid-dataset/kid/614-frame0884.jpg,449,85,551,74,-6.111706,-2.6941452,-3.5212727,60.77128,28.938824,34.87234,94.0,False,True,False
/home/joao-dt/humanoid-dataset/kid/614-frame1610.jpg,60,353,71,274,38.57143,74.46428,33.089287,-5.1571465,-9.8857155,-4.2178583,52.0,False,False,True
/home/joao-dt/humanoid-dataset/kid/614-frame1610.jpg,76,227,34,138,15.082282,45.636078,19.120253,6.5759487,21.439875,8.620252,62.0,False,False,True
/home/joao-dt/humanoid-dataset/kid/614-frame1610.jpg,321,340,405,358,2.6071358,-3.153576,-2.1499977,22.864296,-8.446434,-5.6499996,54.0,False,False,True
/home/joao-dt/humanoid-dataset/kid/614-frame1610.jpg,446,333,390,325,-15.687496,-14.473955,-12.119791,-91.958336,-84.89063,-70.63021,33.0,False,False,True
/home/joao-dt/humanoid-dataset/kid/614-frame1610.jpg,594,189,606,227,-101.94531,-103.484375,-77.625,-27.039062,-28.03125,-21.203125,18.0,False,False,True
/home/joao-dt/humanoid-dataset/kid/614-frame6328.jpg,0,168,561,209,4.0198956,2.5913162,2.7802896,58.356255,37.86348,40.658222,541.0,False,True,False
/home/joao-dt/humanoid-dataset/kid/614-frame6328.jpg,114,141,368,163,5.28878,2.4816284,3.131631,59.81735,27.408161,36.77653,241.0,False,True,False
/home/joao-dt/humanoid-dataset/kid/614-frame6328.jpg,391,176,499,184,4.119896,2.6811256,2.7321434,47.90561,30.849495,33.375,76.0,False,True,False
/home/joao-dt/humanoid-dataset/kid/614-frame6328.jpg,498,186,546,204,20.487495,13.699989,14.131249,54.162506,36.95,38.49374,33.0,False,True,False
/home/joao-dt/humanoid-dataset/kid/614-frame6328.jpg,85,133,0,126,7.148018,3.6940842,4.187501,84.58223,45.345394,48.950653,76.0,False,True,False
/home/joao-dt/humanoid-dataset/kid/614-frame6328.jpg,0,164,538,202,-3.2754707,-1.9193382,-2.0358505,-48.72642,-28.608967,-29.75,486.0,False,True,False
/home/joao-dt/humanoid-dataset/kid/614-frame6328.jpg,117,91,119,30,-52.52886,-43.403847,-30.019238,3.326908,3.0096207,1.6538467,40.0,False,False,True
/home/joao-dt/humanoid-dataset/kid/614-frame6328.jpg,185,32,226,37,12.52206,10.713234,7.330881,72.84559,62.624992,42.183826,28.0,False,False,True
/home/joao-dt/humanoid-dataset/kid/614-frame6328.jpg,248,40,378,57,8.648754,7.5764446,5.1962824,66.97933,59.67974,42.32437,89.0,False,False,True
/home/joao-dt/humanoid-dataset/kid/614-frame6328.jpg,377,57,367,136,95.657684,77.996155,55.619232,-12.465374,-10.157692,-6.6192245,63.0,False,False,True
/home/joao-dt/humanoid-dataset/kid/614-frame6328.jpg,330,151,123,132,-7.138195,-5.962307,-4.407036,-71.49748,-60.643215,-45.065327,193.0,False,False,True
/home/joao-dt/humanoid-dataset/kid/614-frame6328.jpg,258,125,261,74,-28.755955,-32.5,-32.89881,1.3035669,1.9761887,2.053568,27.0,False,False,True
/home/joao-dt/humanoid-dataset/kid/614-frame6328.jpg,265,75,261,123,22.675001,28.324997,27.593754,-1.3875027,-1.2999954,-1.2437477,26.0,False,False,True
/home/joao-dt/humanoid-dataset/kid/614-frame6328.jpg,271,78,268,120,19.20139,23.25,22.63889,-0.75694275,-0.62499046,-0.6527729,24.0,False,False,True
/home/joao-dt/humanoid-dataset/kid/614-frame6328.jpg,290,120,292,53,3.385868,3.1739159,6.103264,2.016304,0.5652199,-0.42934608,38.0,False,False,True
/home/joao-dt/humanoid-dataset/kid/614-frame6328.jpg,93,151,396,176,3.0887089,1.9014359,2.0286722,39.271503,22.689976,25.912193,245.0,False,True,False
/home/joao-dt/humanoid-dataset/kid/614-frame6328.jpg,372,170,104,149,-2.3507729,-1.1647301,-1.2267437,-29.534893,-16.052322,-16.16085,227.0,False,True,False
/home/joao-dt/humanoid-dataset/kid/614-frame6328.jpg,386,119,394,57,125.471695,117.93868,89.12265,-14.537754,-14.155655,-10.509434,53.0,False,False,True
/home/joao-dt/humanoid-dataset/kid/614-frame6328.jpg,380,109,387,61,-100.481705,-88.128044,-68.731705,12.054876,10.164637,7.7560987,41.0,False,False,True
/home/joao-dt/humanoid-dataset/kid/614-frame6328.jpg,397,160,543,172,6.985405,4.5784683,5.7062054,80.49635,53.00546,67.02008,137.0,False,True,False
/home/joao-dt/humanoid-dataset/kid/614-frame6328.jpg,528,134,400,121,-8.357151,-8.801342,-7.319195,-98.776794,-100.49777,-84.23438,90.0,False,False,True
/home/joao-dt/humanoid-dataset/kid/614-frame6328.jpg,399,135,416,0,-62.30769,-49.6688,-35.27778,8.153858,6.6089706,4.581194,102.0,False,False,True
/home/joao-dt/humanoid-dataset/kid/614-frame6328.jpg,484,91,491,51,-19.803024,-51.621212,-48.03031,2.7121277,7.6363564,6.939377,33.0,False,False,True
/home/joao-dt/humanoid-dataset/kid/614-frame6328.jpg,533,182,638,218,-16.695877,-9.932987,-10.237116,-51.89175,-31.097939,-32.62887,89.0,False,True,False
/home/joao-dt/humanoid-dataset/kid/614-frame6328.jpg,509,180,394,172,-2.4772682,-1.406559,-1.7929287,-35.916668,-21.563137,-22.257578,67.0,False,True,False
/home/joao-dt/humanoid-dataset/kid/614-frame6328.jpg,593,119,604,67,-19.694447,-43.354176,-39.131947,3.27779,7.7708473,7.229168,31.0,False,False,True
/home/joao-dt/humanoid-dataset/kid/614-frame6328.jpg,639,191,583,175,-25.781918,-3.1755295,-0.12234497,-92.186165,-11.781929,-0.33510208,46.0,False,False,True
/home/joao-dt/humanoid-dataset/kid/614-frame0963.jpg,44,134,14,49,-62.61112,-37.14236,-24.961805,-20.11111,-11.788197,-7.656252,68.0,False,False,True
/home/joao-dt/humanoid-dataset/kid/614-frame0963.jpg,94,37,103,81,19.398651,20.682436,21.101353,6.533779,6.4256706,6.0608177,25.0,False,False,True
/home/joao-dt/humanoid-dataset/kid/614-frame0963.jpg,230,92,251,164,-77.64287,-62.32937,-43.376987,-21.13492,-16.845232,-11.583332,63.0,False,False,True
/home/joao-dt/humanoid-dataset/kid/614-frame0963.jpg,146,286,296,235,10.196426,5.198208,4.798214,-28.45,-14.558933,-13.519644,119.0,False,True,False
/home/joao-dt/humanoid-dataset/kid/614-frame0963.jpg,256,162,238,76,59.457787,43.204548,31.35714,11.52273,8.483768,6.350649,75.0,False,False,True
/home/joao-dt/humanoid-dataset/kid/614-frame0963.jpg,236,49,226,0,46.079273,32.481705,21.353657,9.701214,6.4817085,4.317072,37.0,False,False,True
/home/joao-dt/humanoid-dataset/kid/614-frame0963.jpg,255,0,272,94,58.561047,50.220932,29.85465,10.026161,8.912792,5.523258,86.0,False,False,True
/home/joao-dt/humanoid-dataset/kid/614-frame0963.jpg,269,97,287,192,78.00872,59.206398,43.877907,12.0494,8.793591,6.6279106,76.0,False,False,True
/home/joao-dt/humanoid-dataset/kid/615-frame8637.jpg,13,86,513,95,-1.1135406,-0.6665001,-0.6945038,-66.66446,-41.97099,-43.63544,473.0,False,True,False
/home/joao-dt/humanoid-dataset/kid/615-frame8637.jpg,513,96,594,145,-43.777786,-25.291668,-25.777779,-72.65972,-41.30556,-43.208332,71.0,False,True,False
/home/joao-dt/humanoid-dataset/kid/615-frame8637.jpg,597,135,607,91,41.108112,20.702705,21.655409,-9.081074,-4.527027,-4.92568,32.0,False,False,True
/home/joao-dt/humanoid-dataset/kid/615-frame8637.jpg,574,81,426,76,2.6623154,1.8694038,2.7014914,102.02053,75.94031,115.518654,126.0,False,True,False
/home/joao-dt/humanoid-dataset/kid/615-frame8637.jpg,11,90,507,98,1.2381973,0.85317993,0.902977,70.59856,46.96201,52.257195,477.0,False,True,False
/home/joao-dt/humanoid-dataset/kid/615-frame8637.jpg,509,98,638,179,46.580578,27.247936,28.77066,81.328514,49.78512,51.113636,99.0,False,True,False
/home/joao-dt/humanoid-dataset/kid/615-frame8637.jpg,155,72,27,71,0.05208206,-0.122909546,0.106253624,98.068756,70.677086,84.11875,118.0,False,True,False
/home/joao-dt/humanoid-dataset/kid/615-frame8637.jpg,34,29,146,29,0.3990326,0.08894348,0.09856033,-102.56251,-115.8149,-97.14664,103.0,False,False,True
/home/joao-dt/humanoid-dataset/kid/615-frame8637.jpg,235,30,339,31,-0.4505272,-0.7265625,-0.59895706,-99.64844,-110.044266,-93.984375,96.0,False,False,True
/home/joao-dt/humanoid-dataset/kid/615-frame8637.jpg,438,185,485,282,44.97,24.856663,22.043331,22.543346,12.756672,11.5233345,53.0,False,True,False
/home/joao-dt/humanoid-dataset/kid/615-frame8637.jpg,401,104,522,108,-2.4181404,-1.6548729,-1.6615047,-95.8208,-64.539825,-66.8031,113.0,False,True,False
/home/joao-dt/humanoid-dataset/kid/615-frame8637.jpg,450,33,589,37,-0.009616852,-0.7903824,-0.61153793,-65.801926,-108.82115,-99.47308,99.0,False,False,True
/home/joao-dt/humanoid-dataset/kid/615-frame8637.jpg,526,111,404,107,0.9144745,1.0745583,0.9232464,91.607445,66.20613,67.35746,107.0,False,True,False
/home/joao-dt/humanoid-dataset/kid/614-frame1862.jpg,0,130,143,103,-7.4160423,-4.6306,-5.604477,43.214554,26.279858,32.503723,127.0,False,True,False
/home/joao-dt/humanoid-dataset/kid/614-frame1862.jpg,60,126,12,152,13.425003,8.800003,8.900001,-28.962498,-19.275002,-19.062504,30.0,False,True,False
/home/joao-dt/humanoid-dataset/kid/614-frame1862.jpg,119,7,136,68,58.999996,62.495285,45.18868,17.301876,17.382076,12.358492,52.0,False,False,True
/home/joao-dt/humanoid-dataset/kid/614-frame1862.jpg,134,70,0,95,10.144844,7.898815,5.551588,-58.367065,-46.672615,-33.4881,93.0,False,False,True
/home/joao-dt/humanoid-dataset/kid/614-frame1862.jpg,35,146,358,87,5.324047,4.0621033,3.8351898,-31.70781,-23.992035,-22.868631,280.0,False,True,False
/home/joao-dt/humanoid-dataset/kid/614-frame1862.jpg,128,270,215,234,-32.615387,-19.391022,-20.368591,79.46154,48.038445,50.33013,73.0,False,True,False
/home/joao-dt/humanoid-dataset/kid/614-frame1862.jpg,128,271,55,319,-50.453125,-29.632812,-30.585938,79.75,47.140625,48.703125,58.0,False,True,False
/home/joao-dt/humanoid-dataset/kid/614-frame1862.jpg,64,312,16,358,-52.564293,-31.692856,-30.942856,56.450005,33.97857,33.142853,35.0,False,True,False
/home/joao-dt/humanoid-dataset/kid/614-frame1862.jpg,215,234,305,217,-10.450001,-5.9937477,-6.4937506,55.62499,32.45626,34.45625,57.0,False,True,False
/home/joao-dt/humanoid-dataset/kid/614-frame1862.jpg,354,217,420,226,3.359089,0.25909042,1.6818161,31.604557,14.831825,17.009092,32.0,False,True,False
/home/joao-dt/humanoid-dataset/kid/614-frame1862.jpg,154,93,136,22,-68.572716,-55.350002,-43.08182,-17.654549,-14.686359,-11.163643,42.0,False,False,True
/home/joao-dt/humanoid-dataset/kid/614-frame1862.jpg,155,78,141,20,61.05682,45.27272,28.357956,12.5,9.261368,5.5625,35.0,False,False,True
/home/joao-dt/humanoid-dataset/kid/614-frame1862.jpg,174,94,243,81,7.3571396,7.5133934,6.464287,-55.92857,-49.263393,-39.625004,31.0,False,False,True
/home/joao-dt/humanoid-dataset/kid/614-frame1862.jpg,159,67,149,19,-59.92683,-40.097553,-25.481709,-11.731716,-7.6951256,-4.835373,35.0,False,False,True
/home/joao-dt/humanoid-dataset/kid/614-frame1862.jpg,203,78,191,26,-7.6805553,-18.3125,-22.041664,-1.2638912,-3.6458368,-4.458334,20.0,False,False,True
/home/joao-dt/humanoid-dataset/kid/614-frame1862.jpg,246,95,175,108,-4.618847,-2.1188583,-3.1065578,27.168034,13.118862,18.786884,44.0,False,True,False
/home/joao-dt/humanoid-dataset/kid/614-frame1862.jpg,334,323,517,287,-9.371016,-5.3184776,-5.1066866,46.377396,25.722927,24.689491,109.0,False,True,False
/home/joao-dt/humanoid-dataset/kid/614-frame1862.jpg,232,224,324,208,10.277443,5.8567123,6.219511,-65.71036,-37.862812,-40.493904,63.0,False,True,False
/home/joao-dt/humanoid-dataset/kid/614-frame1862.jpg,223,226,131,261,29.448795,17.427711,18.012049,-79.89458,-48.06628,-49.590355,59.0,False,True,False
/home/joao-dt/humanoid-dataset/kid/614-frame1862.jpg,131,262,53,309,45.216915,25.702213,26.786764,-78.39338,-45.0625,-46.970592,56.0,False,True,False
/home/joao-dt/humanoid-dataset/kid/614-frame1862.jpg,55,308,0,357,47.558136,27.058144,27.069767,-53.279064,-30.127922,-29.825579,32.0,False,True,False
/home/joao-dt/humanoid-dataset/kid/614-frame1862.jpg,314,210,381,211,-1.4855804,-1.0865402,-0.9759636,-54.29327,-29.125011,-32.091347,27.0,False,True,False
/home/joao-dt/humanoid-dataset/kid/614-frame1862.jpg,165,344,96,359,18.640911,11.8681755,11.536362,-86.42273,-54.459095,-53.436363,38.0,False,True,False
/home/joao-dt/humanoid-dataset/kid/614-frame1862.jpg,284,74,280,24,20.291664,29.964287,30.839287,0.67261314,0.95238495,1.1964302,28.0,False,False,True
/home/joao-dt/humanoid-dataset/kid/614-frame1862.jpg,419,88,419,151,38.765957,70.80319,32.851063,0.595747,-0.5159569,0.32978344,32.0,False,False,True
/home/joao-dt/humanoid-dataset/kid/614-frame1862.jpg,463,111,477,161,30.39024,57.957314,24.756098,7.1341534,13.25,5.3658524,22.0,False,False,True
/home/joao-dt/humanoid-dataset/kid/614-frame1862.jpg,424,93,428,130,-34.181816,-64.28789,-28.48485,-4.015151,-8.499992,-3.19697,22.0,False,False,True
/home/joao-dt/humanoid-dataset/kid/614-frame1862.jpg,490,80,487,137,40.57143,68.23979,29.17347,-0.11224747,-1.413269,-0.2857132,31.0,False,False,True
/home/joao-dt/humanoid-dataset/kid/614-frame1862.jpg,473,130,470,86,-55.111107,-89.28473,-46.76389,-5.9305553,-9.77083,-4.5833335,31.0,False,False,True
/home/joao-dt/humanoid-dataset/kid/614-frame1862.jpg,554,41,386,70,-7.4336777,-2.8996658,-4.442175,51.21599,25.158157,31.561222,116.0,False,True,False
/home/joao-dt/humanoid-dataset/kid/614-frame1862.jpg,555,43,638,48,3.0036278,1.5652237,2.1159458,51.48913,27.528996,34.586956,68.0,False,True,False
/home/joao-dt/humanoid-dataset/kid/614-frame1862.jpg,561,310,575,358,-63.40854,-37.932926,-38.94512,-17.701225,-10.14024,-10.432932,39.0,False,True,False
/home/joao-dt/humanoid-dataset/kid/614-frame1862.jpg,557,279,639,263,-6.549114,-4.4017906,-4.008933,31.638401,17.919647,16.732143,44.0,False,True,False
/home/joao-dt/humanoid-dataset/kid/614-frame1586.jpg,536,134,595,166,-15.511631,-11.581398,-10.546513,-42.59303,-31.034878,-28.232555,26.0,False,True,False
/home/joao-dt/humanoid-dataset/kid/614-frame1586.jpg,453,152,525,171,20.689516,13.516125,13.407259,79.64919,54.51613,52.66532,43.0,False,True,False
/home/joao-dt/humanoid-dataset/kid/614-frame6166.jpg,320,29,238,20,3.125,1.474266,1.8676443,28.286758,11.261024,17.044117,68.0,False,True,False
/home/joao-dt/humanoid-dataset/kid/614-frame6166.jpg,393,29,535,44,4.7210693,2.033062,2.7541275,42.514465,17.181808,24.34504,119.0,False,True,False
/home/joao-dt/humanoid-dataset/kid/614-frame1603.jpg,264,341,333,338,2.9396572,2.6293106,2.5862045,-49.655174,-39.7931,-19.379314,33.0,False,False,True
/home/joao-dt/humanoid-dataset/kid/615-frame8441.jpg,49,109,136,101,-7.21154,-5.0448723,-6.407048,91.98719,60.884617,84.21475,76.0,False,True,False
/home/joao-dt/humanoid-dataset/kid/615-frame8441.jpg,122,70,63,76,10.361111,11.00555,10.099998,-114.37222,-125.172226,-113.40001,45.0,False,False,True
/home/joao-dt/humanoid-dataset/kid/615-frame8441.jpg,59,163,203,110,-14.590073,-8.878677,-9.731622,43.961388,27.823551,29.904419,135.0,False,True,False
/home/joao-dt/humanoid-dataset/kid/615-frame8441.jpg,67,192,0,221,-15.334902,-8.6981125,-9.117928,37.419823,22.150944,22.844341,43.0,False,True,False
/home/joao-dt/humanoid-dataset/kid/615-frame8441.jpg,204,111,543,91,-2.96743,-2.5356026,-2.1098452,47.62953,33.506832,34.585606,301.0,False,True,False
/home/joao-dt/humanoid-dataset/kid/615-frame8441.jpg,588,72,638,69,-4.908539,-3.4878082,-4.500002,106.7744,80.47562,102.60976,41.0,False,True,False
/home/joao-dt/humanoid-dataset/kid/615-frame8441.jpg,185,109,41,117,1.8470078,1.1175499,1.0354481,-26.302227,-16.061573,-16.300373,113.0,False,True,False
/home/joao-dt/humanoid-dataset/kid/615-frame8441.jpg,196,64,289,55,9.464287,11.726192,11.160713,-92.19048,-115.32143,-113.01786,79.0,False,False,True
/home/joao-dt/humanoid-dataset/kid/615-frame8441.jpg,339,80,295,84,-5.965275,-5.7638855,-4.7638836,50.048603,45.638897,41.861107,26.0,False,False,True
/home/joao-dt/humanoid-dataset/kid/615-frame8441.jpg,297,91,187,99,-4.9500046,-3.2763252,-5.3552666,89.450005,63.34999,94.96579,90.0,False,True,False
/home/joao-dt/humanoid-dataset/kid/615-frame8441.jpg,258,105,427,95,1.3557663,0.9070587,0.97756577,-27.669865,-20.298084,-19.884615,129.0,False,True,False
/home/joao-dt/humanoid-dataset/kid/615-frame8441.jpg,364,86,521,75,-4.805149,-2.9099236,-5.3033113,81.76471,51.86581,88.15258,129.0,False,True,False
/home/joao-dt/humanoid-dataset/kid/615-frame8441.jpg,472,39,361,49,8.16584,9.9950485,9.905945,-93.83417,-117.96535,-112.20792,99.0,False,False,True
/home/joao-dt/humanoid-dataset/kid/615-frame8441.jpg,436,95,529,88,1.9290581,1.111496,1.375,-30.287174,-19.90878,-19.320948,46.0,False,True,False
/home/joao-dt/humanoid-dataset/kid/615-frame8441.jpg,586,30,639,26,5.136368,8.340908,7.840912,-56.659092,-119.795456,-119.352264,42.0,False,False,True
/home/joao-dt/humanoid-dataset/kid/615-frame8441.jpg,596,97,639,96,-3.541668,-0.49306107,0.06250095,60.91667,43.590275,40.20139,34.0,False,False,True
/home/joao-dt/humanoid-dataset/kid/615-frame8441.jpg,636,223,587,162,56.43628,33.367657,28.19608,45.387264,26.710785,22.411758,49.0,False,True,False
/home/joao-dt/humanoid-dataset/kid/615-frame8441.jpg,595,158,636,203,-42.967113,-24.88158,-22.407896,-39.0329,-21.868423,-20.342108,35.0,False,True,False
/home/joao-dt/humanoid-dataset/kid/616-frame0510.jpg,50,71,59,0,-15.370966,-13.967744,-14.8266115,3.0241928,2.250001,2.2701616,33.0,False,False,True
/home/joao-dt/humanoid-dataset/kid/616-frame0528.jpg,2,311,112,354,26.64062,15.419266,14.3463545,71.45834,42.76822,40.101566,93.0,False,True,False
/home/joao-dt/humanoid-dataset/kid/616-frame0528.jpg,0,113,209,85,4.258972,2.6282005,2.523079,-35.830765,-22.461533,-22.612822,167.0,False,True,False
/home/joao-dt/humanoid-dataset/kid/616-frame0528.jpg,209,87,323,110,-9.004765,-6.6571426,-6.5880947,-47.876194,-35.29999,-36.140476,103.0,False,True,False
/home/joao-dt/humanoid-dataset/kid/616-frame0528.jpg,325,99,178,70,18.996353,13.490875,15.812045,101.71532,71.899635,83.66605,137.0,False,True,False
/home/joao-dt/humanoid-dataset/kid/616-frame0528.jpg,0,295,170,358,-25.640434,-15.853382,-15.209877,-75.45834,-47.49229,-46.101852,135.0,False,True,False
/home/joao-dt/humanoid-dataset/kid/616-frame0528.jpg,88,15,0,5,2.9041176,3.9143753,3.893837,31.184929,35.47602,33.92123,49.0,False,False,True
/home/joao-dt/humanoid-dataset/kid/616-frame0528.jpg,365,289,445,308,18.703575,11.210724,11.653572,73.49643,43.66071,45.603565,68.0,False,True,False
/home/joao-dt/humanoid-dataset/kid/616-frame0528.jpg,445,309,520,342,34.053032,20.193188,21.151516,79.295456,47.609833,49.74243,66.0,False,True,False
/home/joao-dt/humanoid-dataset/kid/616-frame0528.jpg,170,38,361,73,-19.343922,-19.926792,-16.200275,-111.33011,-116.263824,-96.83012,155.0,False,False,True
/home/joao-dt/humanoid-dataset/kid/616-frame0528.jpg,355,104,541,142,-27.521183,-27.204807,-22.932205,-157.08899,-155.7161,-133.5,164.0,False,False,True
/home/joao-dt/humanoid-dataset/kid/616-frame0528.jpg,214,103,473,160,-15.868996,-10.988003,-11.348,-79.979004,-56.180004,-58.378006,245.0,False,True,False
/home/joao-dt/humanoid-dataset/kid/616-frame0528.jpg,473,163,199,102,14.806393,10.475567,11.243422,70.63911,52.32707,53.93328,264.0,False,True,False
/home/joao-dt/humanoid-dataset/kid/616-frame0528.jpg,369,281,470,309,-20.16389,-11.561115,-12.13611,-75.380554,-43.56668,-45.51389,87.0,False,True,False
/home/joao-dt/humanoid-dataset/kid/616-frame0528.jpg,470,309,552,352,-37.334507,-22.985916,-23.669012,-72.81337,-44.23945,-46.35916,71.0,False,True,False
/home/joao-dt/humanoid-dataset/kid/616-frame0528.jpg,208,89,491,148,11.293682,7.7862473,8.881042,59.607807,41.99443,46.35131,248.0,False,True,False
/home/joao-dt/humanoid-dataset/kid/616-frame0528.jpg,523,48,576,57,12.19886,22.005684,16.943184,73.937485,124.51707,94.61363,39.0,False,False,True
/home/joao-dt/humanoid-dataset/kid/616-frame0528.jpg,353,18,344,68,-13.347561,-13.176834,-11.249998,2.4939003,2.359745,2.0060902,27.0,False,False,True
/home/joao-dt/humanoid-dataset/kid/616-frame0528.jpg,339,114,489,146,-14.299995,-10.157139,-10.214285,-72.839294,-53.082146,-52.88214,139.0,False,True,False
/home/joao-dt/humanoid-dataset/kid/616-frame0528.jpg,344,108,489,139,21.202559,11.928837,14.830292,107.11863,62.16241,76.801094,136.0,False,True,False
/home/joao-dt/humanoid-dataset/kid/616-frame0528.jpg,503,141,566,156,21.699078,13.671303,15.740742,91.13428,56.44906,67.23148,42.0,False,True,False
/home/joao-dt/humanoid-dataset/kid/616-frame0528.jpg,493,34,567,48,-14.413464,-23.07692,-18.24519,-80.44231,-126.865395,-102.639435,40.0,False,False,True
/home/joao-dt/humanoid-dataset/kid/616-frame0528.jpg,445,47,521,60,5.514925,7.003729,6.630598,28.888052,40.175365,39.71269,39.0,False,False,True
/home/joao-dt/humanoid-dataset/kid/616-frame0528.jpg,536,107,638,127,-24.691174,-27.141182,-23.179417,-140.88528,-155.7294,-135.56766,75.0,False,False,True
/home/joao-dt/humanoid-dataset/kid/616-frame0528.jpg,524,128,478,118,-6.147438,-5.8717957,-5.320511,-51.070515,-42.282047,-33.83333,26.0,False,False,True
/home/joao-dt/humanoid-dataset/kid/616-frame0528.jpg,499,148,558,161,-15.5,-11.014996,-11.555,-82.560005,-60.024998,-59.754997,47.0,False,True,False
/home/joao-dt/humanoid-dataset/kid/616-frame0528.jpg,503,151,639,180,16.370073,11.549213,12.604328,81.45274,57.242107,63.30118,127.0,False,True,False
/home/joao-dt/humanoid-dataset/kid/616-frame0528.jpg,638,199,502,169,17.120073,14.157486,13.16142,84.62796,64.610214,64.85433,117.0,False,True,False
/home/joao-dt/humanoid-dataset/kid/615-frame7611.jpg,52,152,46,36,-44.299034,-59.894604,-95.09314,-1.0147095,-1.1887169,-2.3480473,86.0,False,False,True
/home/joao-dt/humanoid-dataset/kid/615-frame7611.jpg,44,55,1,58,3.9374962,7.520832,8.513889,-116.298615,-155.95139,-155.875,21.0,False,False,True
/home/joao-dt/humanoid-dataset/kid/615-frame7611.jpg,50,59,54,128,49.787495,70.745834,94.35417,3.2874985,5.07917,6.6458397,44.0,False,False,True
/home/joao-dt/humanoid-dataset/kid/615-frame7611.jpg,52,156,225,159,1.32547,0.7279854,0.86163616,73.47012,37.661934,44.301888,155.0,False,True,False
/home/joao-dt/humanoid-dataset/kid/615-frame7611.jpg,260,162,400,166,0.8996239,0.51704025,0.5624981,36.92233,19.687496,26.554922,129.0,False,True,False
/home/joao-dt/humanoid-dataset/kid/615-frame7611.jpg,391,167,470,167,1.1287918,0.34469986,0.3674221,41.287884,18.662888,24.81439,64.0,False,True,False
/home/joao-dt/humanoid-dataset/kid/615-frame7611.jpg,526,165,638,168,1.5801048,0.8033943,0.98786736,72.61894,35.716026,45.27427,102.0,False,True,False
/home/joao-dt/humanoid-dataset/kid/615-frame7611.jpg,67,124,223,124,-0.19256973,-0.07263565,-0.12837982,-77.93581,-64.09628,-48.58446,106.0,False,False,True
/home/joao-dt/humanoid-dataset/kid/615-frame7611.jpg,225,138,224,56,88.959564,76.80882,62.124996,2.915451,2.5735245,2.0661736,55.0,False,False,True
/home/joao-dt/humanoid-dataset/kid/615-frame7611.jpg,188,37,190,75,-103.53032,-95.924255,-71.69697,-4.469692,-4.181818,-3.3030272,33.0,False,False,True
/home/joao-dt/humanoid-dataset/kid/615-frame7611.jpg,53,70,57,128,-35.790005,-76.165,-94.595,-1.5700035,-3.774994,-4.68499,44.0,False,False,True
/home/joao-dt/humanoid-dataset/kid/615-frame7611.jpg,238,125,234,3,-85.990295,-78.27185,-62.577667,-1.8446579,-1.6941757,-1.6067886,89.0,False,False,True
/home/joao-dt/humanoid-dataset/kid/615-frame7611.jpg,321,87,321,132,-33.322372,-36.41447,-35.500004,0.12500477,0.5592127,0.14474106,34.0,False,False,True
/home/joao-dt/humanoid-dataset/kid/615-frame7611.jpg,250,70,251,143,-65.262505,-48.8125,-34.58751,-1.9791584,-1.8541775,-1.2124958,56.0,False,False,True
/home/joao-dt/humanoid-dataset/kid/615-frame7611.jpg,263,156,442,159,-0.9117546,-0.6500015,-0.37647247,-52.29118,-43.22647,-29.379416,167.0,False,False,True
/home/joao-dt/humanoid-dataset/kid/615-frame7611.jpg,471,160,476,86,60.40001,34.479168,20.037506,-3.5250053,-1.9791718,-0.67082787,55.0,False,False,True
/home/joao-dt/humanoid-dataset/kid/615-frame7611.jpg,131,187,290,192,0.7394371,0.4577484,0.3591547,26.042253,14.22887,14.221829,119.0,False,True,False
/home/joao-dt/humanoid-dataset/kid/615-frame7611.jpg,310,90,310,147,29.598839,31.953491,30.406975,0.6453495,0.9883766,1.0116291,29.0,False,False,True
/home/joao-dt/humanoid-dataset/kid/615-frame7611.jpg,341,155,342,89,-24.728447,-28.267239,-29.624996,-0.012929916,0.17241669,0.39223862,45.0,False,False,True
/home/joao-dt/humanoid-dataset/kid/615-frame7611.jpg,370,68,460,68,1.5718689,1.1781273,0.8593731,25.696873,26.321873,16.953127,44.0,False,False,True
/home/joao-dt/humanoid-dataset/kid/615-frame7611.jpg,391,95,390,140,-37.703945,-40.355263,-43.25,1.0592089,1.5263166,1.2763157,33.0,False,False,True
/home/joao-dt/humanoid-dataset/kid/615-frame7611.jpg,422,80,422,143,39.31132,37.712265,35.43396,4.169815,3.4481144,2.2735863,41.0,False,False,True
/home/joao-dt/humanoid-dataset/kid/615-frame7611.jpg,410,141,411,96,-31.868418,-34.085526,-37.960526,0.2631588,0.7171087,1.1315765,30.0,False,False,True
/home/joao-dt/humanoid-dataset/kid/615-frame7611.jpg,299,187,561,192,-0.39427185,-0.16403198,-0.24901104,-26.366602,-14.5158,-14.988141,194.0,False,True,False
/home/joao-dt/humanoid-dataset/kid/615-frame7611.jpg,489,40,491,0,14.389709,29.279411,24.485294,2.3308907,1.4264717,1.705883,28.0,False,False,True
/home/joao-dt/humanoid-dataset/kid/615-frame7611.jpg,501,62,495,170,-71.532974,-62.38187,-45.08792,2.3736305,2.0302238,1.5054836,72.0,False,False,True
/home/joao-dt/humanoid-dataset/kid/615-frame7611.jpg,498,125,638,126,-0.48091507,-0.78435135,-0.8110695,-68.61451,-54.185116,-40.10878,84.0,False,False,True
/home/joao-dt/humanoid-dataset/kid/615-frame7611.jpg,494,180,628,183,1.2995644,0.85559845,0.84267235,25.579742,15.713356,16.644402,75.0,False,True,False
/home/joao-dt/humanoid-dataset/kid/615-frame7611.jpg,579,48,585,98,72.37195,71.20122,55.67073,7.432907,9.262188,7.8902473,34.0,False,False,True
/home/joao-dt/humanoid-dataset/kid/615-frame7611.jpg,639,201,297,192,0.9435215,0.52936554,0.5406618,34.018814,20.478165,21.774097,275.0,False,True,False
/home/joao-dt/humanoid-dataset/kid/614-frame1348.jpg,10,21,64,1,26.027168,6.434784,15.22826,-74.364136,-20.576088,-45.44565,33.0,False,True,False
/home/joao-dt/humanoid-dataset/kid/614-frame1348.jpg,10,23,478,8,-2.0924416,-1.2106133,-1.2882948,59.54761,34.77188,38.859417,371.0,False,True,False
/home/joao-dt/humanoid-dataset/kid/614-frame1348.jpg,468,9,605,7,-0.08130646,-0.03252411,-0.07316971,51.780483,30.756104,33.613815,98.0,False,True,False
/home/joao-dt/humanoid-dataset/kid/614-frame1348.jpg,261,191,336,189,-1.6352367,-0.61065674,-0.9139328,96.20082,60.29099,58.790977,53.0,False,True,False
/home/joao-dt/humanoid-dataset/kid/614-frame1348.jpg,358,193,419,200,9.28409,6.136368,5.977272,99.85227,59.465904,62.71591,33.0,False,True,False
/home/joao-dt/humanoid-dataset/kid/614-frame1348.jpg,185,0,62,5,-1.921051,-1.695179,-1.3048267,45.21492,24.633766,28.160088,78.0,False,True,False
/home/joao-dt/humanoid-dataset/kid/614-frame1348.jpg,63,6,24,19,-25.371204,-7.984848,-14.371207,74.492424,24.333344,42.96212,33.0,False,True,False
/home/joao-dt/humanoid-dataset/kid/614-frame1348.jpg,120,15,591,2,1.4934807,0.85814667,0.92391586,-63.796738,-38.061394,-40.565216,332.0,False,True,False
/home/joao-dt/humanoid-dataset/kid/614-frame1348.jpg,106,15,43,19,2.7731476,1.1157379,1.5972271,-51.550922,-23.486122,-28.90278,34.0,False,True,False
/home/joao-dt/humanoid-dataset/kid/614-frame0962.jpg,0,42,83,30,-3.5844593,-4.3648663,-3.8547287,22.341208,29.101347,26.922297,46.0,False,False,True
/home/joao-dt/humanoid-dataset/kid/614-frame0962.jpg,98,101,0,119,9.357136,5.3869095,2.8035717,-50.64286,-31.482147,-17.226194,77.0,False,False,True
/home/joao-dt/humanoid-dataset/kid/614-frame0962.jpg,191,162,170,92,-38.1,-35.041676,-25.824997,-11.624992,-10.758335,-8.133335,59.0,False,False,True
/home/joao-dt/humanoid-dataset/kid/614-frame0962.jpg,169,92,0,125,5.065216,6.925461,4.655281,-27.14907,-37.428574,-24.782612,161.0,False,False,True
/home/joao-dt/humanoid-dataset/kid/614-frame0962.jpg,177,172,0,219,-11.179932,-5.1576385,-5.431527,45.119415,20.756374,22.246819,149.0,False,True,False
/home/joao-dt/humanoid-dataset/kid/614-frame0962.jpg,173,87,196,158,-50.399193,-38.923378,-25.294353,-16.770163,-12.842737,-8.3588705,62.0,False,False,True
/home/joao-dt/humanoid-dataset/kid/614-frame0962.jpg,230,161,195,0,65.15033,43.67648,26.0,13.741837,9.1732025,5.830065,148.0,False,False,True
/home/joao-dt/humanoid-dataset/kid/614-frame0487.jpg,0,100,103,81,24.410522,19.568413,18.955269,-136.06317,-109.26316,-106.79736,95.0,False,False,True
/home/joao-dt/humanoid-dataset/kid/614-frame0487.jpg,111,95,0,120,-14.193636,-7.9117584,-8.7352915,69.08088,38.705883,42.578434,102.0,False,False,True
/home/joao-dt/humanoid-dataset/kid/614-frame0487.jpg,0,106,106,86,-5.4046364,-8.092781,-7.8788624,29.70362,44.051544,43.1933,97.0,False,False,True
/home/joao-dt/humanoid-dataset/kid/614-frame0487.jpg,20,359,195,234,40.69545,23.25151,22.378788,-61.30758,-35.90606,-34.572723,139.0,False,True,False
/home/joao-dt/humanoid-dataset/kid/614-frame0487.jpg,51,358,271,194,-36.3044,-19.9987,-18.966326,49.998707,28.089367,26.808289,168.0,False,True,False
/home/joao-dt/humanoid-dataset/kid/614-frame0487.jpg,405,83,198,229,41.838627,24.398151,24.664019,-61.69048,-36.96164,-37.30159,167.0,False,True,False
/home/joao-dt/humanoid-dataset/kid/614-frame0487.jpg,83,145,0,172,-27.46621,-17.624992,-16.320946,86.2973,55.13177,51.996624,74.0,False,True,False
/home/joao-dt/humanoid-dataset/kid/614-frame0487.jpg,139,122,240,91,28.375,18.067936,16.692938,-92.86413,-58.20924,-57.209244,88.0,False,True,False
/home/joao-dt/humanoid-dataset/kid/614-frame0487.jpg,140,127,333,65,-23.484375,-14.690334,-15.782676,81.16051,53.690334,55.413345,169.0,False,True,False
/home/joao-dt/humanoid-dataset/kid/614-frame0487.jpg,333,67,639,110,6.9653664,4.6520233,5.0836163,53.286324,36.1588,39.081924,293.0,False,True,False
/home/joao-dt/humanoid-dataset/kid/614-frame0487.jpg,316,72,401,85,8.463337,6.366665,6.3999968,61.30333,44.80667,45.340004,75.0,False,True,False
/home/joao-dt/humanoid-dataset/kid/614-frame0487.jpg,178,78,247,90,19.841665,13.654171,12.670836,112.85834,78.07915,74.770836,57.0,False,True,False
/home/joao-dt/humanoid-dataset/kid/615-frame8368.jpg,380,95,519,226,45.498077,24.611542,23.763458,48.84423,26.646164,25.544228,128.0,False,True,False
/home/joao-dt/humanoid-dataset/kid/615-frame8368.jpg,329,36,489,179,-44.177628,-25.108551,-25.99013,-50.092087,-29.37828,-30.651316,141.0,False,True,False
/home/joao-dt/humanoid-dataset/kid/615-frame8368.jpg,546,29,639,58,18.539154,11.981922,10.948793,60.84037,40.46386,36.858437,83.0,False,True,False
/home/joao-dt/humanoid-dataset/kid/615-frame8368.jpg,515,55,382,1,15.789587,6.9104195,8.522917,38.593742,20.11876,21.331259,82.0,False,True,False
/home/joao-dt/humanoid-dataset/kid/615-frame8368.jpg,639,46,546,17,3.9307175,5.3012085,5.8614464,12.93074,18.403622,20.373497,74.0,False,False,True
/home/joao-dt/humanoid-dataset/kid/614-frame1866.jpg,61,0,0,23,18.169815,20.551891,14.245285,-48.273598,-53.278297,-39.528297,53.0,False,False,True
/home/joao-dt/humanoid-dataset/kid/614-frame1866.jpg,173,72,63,109,11.533855,15.908848,12.528645,-45.36198,-56.476562,-44.325523,70.0,False,False,True
/home/joao-dt/humanoid-dataset/kid/614-frame1866.jpg,185,101,255,78,11.842751,11.375,8.637098,-49.34274,-45.092743,-33.39516,49.0,False,False,True
/home/joao-dt/humanoid-dataset/kid/614-frame1866.jpg,138,13,200,0,8.583336,13.494789,13.130207,-46.83333,-72.18229,-76.24478,28.0,False,False,True
/home/joao-dt/humanoid-dataset/kid/614-frame1866.jpg,147,116,0,167,-26.285973,-13.93705,-16.269783,80.17086,43.05936,50.733814,139.0,False,True,False
/home/joao-dt/humanoid-dataset/kid/614-frame1866.jpg,270,73,349,49,10.849995,11.275005,7.396429,-35.57143,-38.310722,-26.675003,68.0,False,False,True
/home/joao-dt/humanoid-dataset/kid/614-frame1866.jpg,28,183,372,70,-8.040789,-5.4010544,-5.4214487,26.69184,17.734879,18.291542,301.0,False,True,False
/home/joao-dt/humanoid-dataset/kid/614-frame1866.jpg,372,48,276,79,-12.6647835,-5.5369225,-8.150573,44.897736,20.281261,28.519886,85.0,False,True,False
/home/joao-dt/humanoid-dataset/kid/614-frame1866.jpg,524,10,638,12,-0.26415634,-0.23821259,-0.1580162,31.495296,19.370293,20.209908,99.0,False,True,False
/home/joao-dt/humanoid-dataset/kid/614-frame4862.jpg,0,41,186,38,-0.47893715,-0.33286667,-0.34269333,54.3441,36.61095,38.94102,142.0,False,True,False
/home/joao-dt/humanoid-dataset/kid/614-frame4862.jpg,187,38,294,81,31.590908,19.593437,21.790405,89.949486,58.785355,63.1894,80.0,False,True,False
/home/joao-dt/humanoid-dataset/kid/614-frame4862.jpg,297,78,247,59,-36.567078,-24.585373,-23.317076,-98.664635,-72.34148,-70.743904,37.0,False,True,False
/home/joao-dt/humanoid-dataset/kid/614-frame4862.jpg,124,46,527,305,-45.718586,-27.179974,-26.00196,-76.06938,-46.278133,-44.50589,280.0,False,True,False
/home/joao-dt/humanoid-dataset/kid/614-frame4862.jpg,225,28,137,27,0.3227806,0.04114151,0.6297493,90.373405,66.17407,126.48419,79.0,False,True,False
/home/joao-dt/humanoid-dataset/kid/614-frame4862.jpg,238,55,184,35,-32.038036,-21.021736,-21.63587,-89.16849,-57.92392,-61.21196,41.0,False,True,False
/home/joao-dt/humanoid-dataset/kid/614-frame4862.jpg,183,35,0,38,0.73428726,0.43428802,0.5071411,-51.317154,-30.974285,-34.409996,140.0,False,True,False
/home/joao-dt/humanoid-dataset/kid/614-frame4862.jpg,253,35,294,46,29.779413,23.20588,29.647055,121.455894,96.61766,121.191185,34.0,False,True,False
/home/joao-dt/humanoid-dataset/kid/614-frame4862.jpg,326,90,441,135,-43.567757,-30.350468,-28.030373,-121.43224,-85.64487,-80.1285,99.0,False,True,False
/home/joao-dt/humanoid-dataset/kid/614-frame4862.jpg,448,108,307,63,42.696568,31.770983,32.742367,142.25763,107.30916,110.21566,131.0,False,True,False
/home/joao-dt/humanoid-dataset/kid/614-frame4862.jpg,310,54,449,95,-50.570606,-43.98664,-44.837795,-192.0019,-167.32634,-172.1584,131.0,False,False,True
/home/joao-dt/humanoid-dataset/kid/614-frame4862.jpg,450,95,466,0,181.3372,193.29361,155.03778,-27.343021,-29.630814,-23.090115,86.0,False,False,True
/home/joao-dt/humanoid-dataset/kid/614-frame4862.jpg,356,15,366,58,-107.715294,-94.958336,-74.25,-21.951395,-18.944452,-14.7638855,27.0,False,False,True
/home/joao-dt/humanoid-dataset/kid/614-frame4862.jpg,324,93,639,216,39.567276,26.359634,26.01163,108.98586,73.97756,73.01328,265.0,False,True,False
/home/joao-dt/humanoid-dataset/kid/614-frame4862.jpg,422,91,313,58,1.0546913,4.7526093,8.695309,3.6223793,16.648438,30.14843,70.0,False,False,True
/home/joao-dt/humanoid-dataset/kid/614-frame4862.jpg,379,220,285,159,51.240967,30.231926,28.840363,82.10844,50.00301,47.98494,62.0,False,True,False
/home/joao-dt/humanoid-dataset/kid/614-frame4862.jpg,286,158,119,47,54.403484,31.73101,32.439873,87.37184,52.082287,53.050636,117.0,False,True,False
/home/joao-dt/humanoid-dataset/kid/614-frame4862.jpg,475,49,457,144,-4.2129707,-19.206799,-18.376545,0.6512413,3.5092583,3.4814835,78.0,False,False,True
/home/joao-dt/humanoid-dataset/kid/614-frame4862.jpg,472,130,530,120,-8.081638,-12.892849,-12.974489,55.448975,87.04592,87.780594,26.0,False,False,True
/home/joao-dt/humanoid-dataset/kid/614-frame4862.jpg,513,115,475,103,-44.166668,-38.82576,-34.696964,-166.78789,-151.14395,-137.59091,29.0,False,False,True
/home/joao-dt/humanoid-dataset/kid/614-frame4862.jpg,465,144,638,211,-37.865856,-25.076218,-22.666157,-102.8506,-69.615845,-63.01067,140.0,False,True,False
/home/joao-dt/humanoid-dataset/kid/614-frame4862.jpg,530,130,469,141,-22.495098,-16.088232,-15.926474,130.77943,93.18629,93.39706,38.0,False,True,False
/home/joao-dt/humanoid-dataset/kid/614-frame4862.jpg,515,105,538,0,139.86142,138.78532,110.01903,-27.812504,-27.861416,-21.817936,63.0,False,False,True
/home/joao-dt/humanoid-dataset/kid/614-frame4862.jpg,549,49,559,0,-144.58125,-150.23749,-121.54375,25.181238,24.1875,19.05625,25.0,False,False,True
/home/joao-dt/humanoid-dataset/kid/614-frame4862.jpg,565,124,638,145,41.14453,36.597656,35.179688,153.60547,137.27734,131.58594,62.0,False,True,False
/home/joao-dt/humanoid-dataset/kid/615-frame8125.jpg,134,6,229,12,-2.2412758,-1.8662834,-0.944767,-54.46802,-72.10466,-52.75291,83.0,False,False,True
/home/joao-dt/humanoid-dataset/kid/615-frame8125.jpg,183,47,126,46,0.8499985,0.58124924,0.5874977,28.349987,13.456249,19.162502,40.0,False,True,False
/home/joao-dt/humanoid-dataset/kid/615-frame8125.jpg,319,26,361,35,-16.335716,-13.650002,-10.521435,-75.73572,-60.72142,-48.178574,26.0,False,False,True
/home/joao-dt/humanoid-dataset/kid/615-frame8125.jpg,309,71,443,114,-20.065472,-16.765884,-14.476196,-66.93849,-57.456356,-49.900795,99.0,False,False,True
/home/joao-dt/humanoid-dataset/kid/615-frame8125.jpg,420,152,318,108,-9.698862,-4.8806763,-4.170453,-22.607958,-11.636379,-9.767045,77.0,False,False,True
